1.06192,3.1331,-0.264872,-2.01256,2.06929,-3.37387,
1.06198,3.13313,-0.264782,-2.01167,2.06935,-3.37462,
1.0622,3.13322,-0.264533,-2.00863,2.0696,-3.3772,
1.06262,3.13337,-0.26414,-2.00299,2.07012,-3.38208,
1.06323,3.13362,-0.263641,-1.99467,2.07095,-3.38933,
1.06403,3.13389,-0.263055,-1.98391,2.07214,-3.39878,
1.06496,3.13419,-0.262436,-1.9711,2.07368,-3.41008,
1.06597,3.13448,-0.26183,-1.95692,2.07554,-3.42265,
1.067,3.13475,-0.261294,-1.94213,2.07766,-3.43584,
1.06799,3.13499,-0.260849,-1.9276,2.07996,-3.44885,
1.0689,3.1352,-0.260538,-1.91413,2.08235,-3.46101,
1.06966,3.13538,-0.260346,-1.90255,2.08474,-3.4716,
1.07022,3.13552,-0.260299,-1.8938,2.08709,-3.47983,
1.07008,3.13542,-0.260988,-1.89284,2.0896,-3.48238,
1.06882,3.13487,-0.262614,-1.90321,2.09266,-3.47677,
1.06653,3.13405,-0.265086,-1.92436,2.09583,-3.463,
1.06396,3.13327,-0.267188,-1.9492,2.09859,-3.44529,
1.06192,3.13283,-0.268169,-1.97096,2.10027,-3.42814,
1.05977,3.13237,-0.269052,-1.99398,2.10112,-3.40929,
1.05705,3.13179,-0.270257,-2.02037,2.10105,-3.38748,
1.05389,3.1311,-0.271705,-2.04921,2.10046,-3.3634,
1.05073,3.13041,-0.27279,-2.07695,2.09975,-3.3396,
1.04814,3.12994,-0.272896,-2.10025,2.09824,-3.31809,
1.04574,3.12955,-0.272542,-2.12128,2.09583,-3.29767,
1.04288,3.12902,-0.272488,-2.144,2.09325,-3.27598,
1.03881,3.12818,-0.273539,-2.17299,2.09127,-3.24997,
1.03398,3.12716,-0.27498,-2.20553,2.08962,-3.22101,
1.02967,3.12629,-0.275465,-2.23446,2.08786,-3.19388,
1.0262,3.12567,-0.274831,-2.25793,2.08528,-3.17001,
1.02262,3.12502,-0.274113,-2.28088,2.08232,-3.14633,
1.01825,3.12421,-0.273791,-2.30654,2.07931,-3.12053,
1.01341,3.1233,-0.273642,-2.33364,2.07599,-3.09328,
1.00837,3.12238,-0.273423,-2.36068,2.07251,-3.06579,
1.00354,3.12146,-0.272778,-2.38562,2.0693,-3.03981,
0.999327,3.12071,-0.271372,-2.4065,2.06594,-3.01687,
0.994964,3.1199,-0.269996,-2.42651,2.06265,-2.99501,
0.990627,3.11916,-0.268346,-2.44501,2.05887,-2.9743,
0.986761,3.11854,-0.266063,-2.46033,2.05452,-2.95594,
0.981941,3.11764,-0.264662,-2.4786,2.05128,-2.93628,
0.97524,3.11627,-0.264695,-2.50396,2.05016,-2.91207,
0.96776,3.11468,-0.265054,-2.53249,2.04979,-2.88503,
0.961,3.1133,-0.264491,-2.55868,2.04903,-2.85856,
0.955535,3.1123,-0.262658,-2.57915,2.04728,-2.83593,
0.950219,3.11136,-0.260712,-2.59769,2.04539,-2.81532,
0.944932,3.11043,-0.258578,-2.61473,2.04305,-2.7962,
0.939726,3.1095,-0.256428,-2.63034,2.0403,-2.77861,
0.933047,3.10816,-0.255456,-2.64981,2.03937,-2.75962,
0.925375,3.10657,-0.255163,-2.67228,2.04026,-2.73909,
0.919107,3.10536,-0.253576,-2.69007,2.03989,-2.72109,
0.914489,3.10459,-0.250693,-2.70175,2.03738,-2.70709,
0.910184,3.10392,-0.247584,-2.71115,2.0339,-2.69523,
0.904436,3.1029,-0.245597,-2.72358,2.03153,-2.68275,
0.897838,3.10169,-0.244286,-2.73816,2.03056,-2.66962,
0.891291,3.10046,-0.243007,-2.75251,2.03037,-2.65705,
0.885053,3.09926,-0.241507,-2.76604,2.03161,-2.64559,
0.878823,3.09811,-0.240093,-2.77873,2.03276,-2.63536,
0.874207,3.09746,-0.237458,-2.78611,2.03193,-2.62843,
0.871413,3.09733,-0.233781,-2.78748,2.02905,-2.62571,
0.867611,3.09691,-0.231022,-2.79014,2.02649,-2.62374,
0.861732,3.09584,-0.23002,-2.79845,2.02652,-2.6195,
0.854339,3.09441,-0.230218,-2.81104,2.02778,-2.61293,
0.846482,3.09289,-0.230818,-2.82566,2.02953,-2.60456,
0.837565,3.0911,-0.232324,-2.84454,2.0324,-2.59267,
0.827798,3.08912,-0.234534,-2.86674,2.03544,-2.57763,
0.817142,3.08693,-0.237357,-2.89199,2.03873,-2.55978,
0.807179,3.085,-0.2396,-2.91619,2.04148,-2.54125,
0.798695,3.08341,-0.240932,-2.93741,2.04292,-2.52324,
0.789745,3.08169,-0.242858,-2.95938,2.04532,-2.5056,
0.780934,3.08004,-0.2448,-2.98025,2.04729,-2.4891,
0.774241,3.07896,-0.245501,-2.99366,2.04588,-2.47837,
0.772029,3.07904,-0.243575,-2.99369,2.04124,-2.47792,
0.774909,3.0803,-0.239294,-2.97915,2.03519,-2.48981,
0.780527,3.08205,-0.234095,-2.95503,2.02725,-2.51072,
0.787088,3.08387,-0.228857,-2.92564,2.0192,-2.538,
0.792987,3.08528,-0.22446,-2.89599,2.01336,-2.56805,
0.797737,3.08644,-0.22146,-2.86904,2.01067,-2.5979,
0.801603,3.08731,-0.219513,-2.84517,2.01029,-2.62597,
0.804852,3.08801,-0.218642,-2.82516,2.01189,-2.65071,
0.809273,3.08901,-0.217122,-2.80325,2.01463,-2.67585,
0.815737,3.0905,-0.214804,-2.77668,2.01885,-2.70399,
0.823009,3.09217,-0.212394,-2.74809,2.02386,-2.7335,
0.83062,3.09394,-0.210027,-2.71826,2.0282,-2.76339,
0.837891,3.09561,-0.208371,-2.68917,2.03208,-2.79271,
0.844606,3.09705,-0.207736,-2.66226,2.03593,-2.82038,
0.850896,3.09837,-0.207979,-2.63791,2.03983,-2.84573,
0.857412,3.09977,-0.208338,-2.61397,2.04326,-2.86979,
0.865186,3.10147,-0.208334,-2.58737,2.04631,-2.89469,
0.874134,3.10344,-0.208337,-2.55718,2.04941,-2.92221,
0.883717,3.10547,-0.208347,-2.52411,2.0522,-2.95194,
0.893045,3.10741,-0.209011,-2.49117,2.05436,-2.98176,
0.902045,3.10925,-0.210341,-2.45988,2.05603,-3.01002,
0.910998,3.11107,-0.211924,-2.42939,2.05743,-3.03711,
0.920229,3.11296,-0.213481,-2.39815,2.05868,-3.06424,
0.929205,3.11472,-0.215405,-2.36854,2.06071,-3.09011,
0.937627,3.11636,-0.217568,-2.34204,2.06328,-3.11322,
0.945632,3.11796,-0.220073,-2.31816,2.0661,-3.13405,
0.95363,3.11952,-0.222554,-2.29481,2.06953,-3.1543,
0.962335,3.1212,-0.224127,-2.26684,2.07322,-3.17779,
0.972334,3.12325,-0.224743,-2.23105,2.07624,-3.2067,
0.982233,3.12529,-0.225477,-2.19415,2.07955,-3.23663,
0.99141,3.12719,-0.22688,-2.16055,2.08341,-3.26426,
1.00015,3.12905,-0.228842,-2.12926,2.0876,-3.29024,
1.00842,3.13078,-0.231279,-2.10055,2.09177,-3.31426,
1.01629,3.13235,-0.234039,-2.07422,2.09565,-3.3363,
1.02414,3.1339,-0.236771,-2.04872,2.09902,-3.35711,
1.03251,3.13552,-0.238732,-2.01926,2.10158,-3.38002,
1.04111,3.13721,-0.240421,-1.98627,2.10305,-3.40514,
1.04913,3.13878,-0.242675,-1.95618,2.10349,-3.42799,
1.05627,3.14002,-0.24585,-1.93216,2.10322,-3.44653,
1.06239,3.14096,-0.249849,-1.91506,2.10282,-3.46031,
1.06818,3.14182,-0.253961,-1.90067,2.10244,-3.47197,
1.07419,3.14275,-0.257749,-1.88556,2.10246,-3.48384,
1.0801,3.14363,-0.261477,-1.87098,2.10336,-3.49551,
1.08577,3.14446,-0.26523,-1.85807,2.10484,-3.50606,
1.09131,3.14526,-0.268814,-1.84573,2.1069,-3.51621,
1.09644,3.14599,-0.272553,-1.83492,2.10887,-3.52547,
1.10114,3.14663,-0.276352,-1.82545,2.10995,-3.53371,
1.10579,3.14733,-0.279782,-1.81476,2.11023,-3.54242,
1.11043,3.14806,-0.282849,-1.80276,2.11026,-3.55183,
1.11491,3.14877,-0.285723,-1.79029,2.11034,-3.56161,
1.11885,3.14932,-0.28899,-1.78157,2.11063,-3.56904,
1.12234,3.1498,-0.292273,-1.77514,2.11096,-3.57486,
1.12587,3.15036,-0.295079,-1.76601,2.1113,-3.58254,
1.12947,3.15097,-0.297525,-1.75392,2.11178,-3.59239,
1.13307,3.1516,-0.299743,-1.73918,2.11254,-3.60436,
1.13657,3.1522,-0.301782,-1.72241,2.11364,-3.61805,
1.13989,3.15278,-0.303728,-1.70443,2.11512,-3.63286,
1.14298,3.15331,-0.305666,-1.68616,2.11696,-3.64811,
1.14577,3.15375,-0.30757,-1.66847,2.11909,-3.6631,
1.14822,3.15412,-0.309521,-1.65227,2.12142,-3.67713,
1.15027,3.1544,-0.311502,-1.63847,2.12384,-3.6895,
1.15187,3.15457,-0.313524,-1.62833,2.12628,-3.69925,
1.15274,3.15448,-0.316073,-1.62739,2.12895,-3.70269,
1.15249,3.15403,-0.319219,-1.63926,2.13194,-3.6973,
1.15104,3.15326,-0.322571,-1.66123,2.1351,-3.68479,
1.14863,3.15224,-0.326382,-1.69258,2.13819,-3.66542,
1.14587,3.15132,-0.329495,-1.72534,2.14013,-3.64366,
1.14349,3.15062,-0.331334,-1.75257,2.1401,-3.624,
1.1411,3.14996,-0.332528,-1.77697,2.1385,-3.60542,
1.13819,3.14911,-0.333882,-1.80327,2.13645,-3.58539,
1.1343,3.14793,-0.336075,-1.83567,2.13501,-3.56148,
1.12984,3.14659,-0.338337,-1.87206,2.13391,-3.53412,
1.1256,3.14542,-0.339758,-1.90519,2.1323,-3.50803,
1.12182,3.14442,-0.340168,-1.93276,2.12958,-3.48495,
1.11803,3.14343,-0.340154,-1.95874,2.12563,-3.46226,
1.11354,3.14224,-0.340476,-1.98794,2.12141,-3.43704,
1.1078,3.14069,-0.341613,-2.02341,2.11792,-3.40747,
1.10068,3.1388,-0.343597,-2.06607,2.1161,-3.37276,
1.09368,3.13696,-0.344911,-2.10765,2.11403,-3.33743,
1.08813,3.13562,-0.344487,-2.13988,2.11003,-3.30728,
1.08317,3.13444,-0.343347,-2.16692,2.1047,-3.28045,
1.07832,3.13328,-0.342157,-2.19239,2.09883,-3.25461,
1.07235,3.13178,-0.341857,-2.22218,2.09387,-3.2261,
1.0659,3.13021,-0.341614,-2.2535,2.0895,-3.19617,
1.06037,3.12886,-0.340138,-2.27943,2.08423,-3.16936,
1.0551,3.12756,-0.338101,-2.30237,2.07865,-3.14474,
1.04867,3.12608,-0.336833,-2.32964,2.07429,-3.11725,
1.04029,3.12413,-0.336819,-2.36481,2.07215,-3.08429,
1.03121,3.12198,-0.336978,-2.40306,2.07114,-3.04833,
1.02301,3.12009,-0.336087,-2.43793,2.07007,-3.01365,
1.01608,3.11852,-0.333692,-2.46625,2.06772,-2.98307,
1.00928,3.11701,-0.3309,-2.49214,2.06518,-2.95459,
1.00172,3.11543,-0.328479,-2.51881,2.06354,-2.92644,
0.994323,3.11389,-0.325618,-2.54316,2.06121,-2.90013,
0.987291,3.11246,-0.322403,-2.56482,2.05835,-2.8761,
0.980457,3.11105,-0.318838,-2.58435,2.05576,-2.85428,
0.973749,3.10972,-0.315108,-2.60247,2.05363,-2.8341,
0.966407,3.10835,-0.311723,-2.62171,2.05224,-2.81374,
0.958655,3.10694,-0.308455,-2.64159,2.0507,-2.79292,
0.950891,3.10549,-0.305199,-2.6611,2.04915,-2.77252,
0.943686,3.10412,-0.30142,-2.67854,2.04757,-2.7536,
0.936714,3.10283,-0.297414,-2.69435,2.04617,-2.73644,
0.928034,3.10124,-0.294671,-2.71377,2.04489,-2.71777,
0.919055,3.0996,-0.292005,-2.73362,2.04286,-2.6985,
0.911243,3.0982,-0.288497,-2.75019,2.04061,-2.68128,
0.905169,3.09723,-0.283904,-2.76174,2.03873,-2.66787,
0.900312,3.09661,-0.278529,-2.76869,2.03704,-2.65882,
0.895277,3.096,-0.273332,-2.77464,2.03647,-2.65221,
0.889852,3.09536,-0.268675,-2.78044,2.03653,-2.64729,
0.884077,3.0946,-0.264413,-2.78661,2.03677,-2.64287,
0.877611,3.0936,-0.260893,-2.79519,2.03821,-2.63717,
0.86981,3.09225,-0.258544,-2.80836,2.04192,-2.62874,
0.860699,3.09054,-0.257272,-2.82625,2.04626,-2.61648,
0.850534,3.08853,-0.256863,-2.848,2.05118,-2.60095,
0.840989,3.08681,-0.255956,-2.86908,2.05479,-2.58412,
0.833544,3.08567,-0.253478,-2.88373,2.05509,-2.57076,
0.827194,3.08483,-0.250432,-2.89422,2.05267,-2.56035,
0.820667,3.08394,-0.247909,-2.90383,2.04922,-2.55171,
0.813548,3.08285,-0.246071,-2.91371,2.04637,-2.5446,
0.806006,3.08162,-0.245085,-2.92373,2.04441,-2.53927,
0.797791,3.08018,-0.244987,-2.9344,2.04337,-2.53535,
0.788966,3.07853,-0.245762,-2.94618,2.0437,-2.5322,
0.783835,3.07792,-0.244353,-2.94882,2.04305,-2.53484,
0.784552,3.07869,-0.239623,-2.93627,2.04093,-2.54798,
0.787702,3.07999,-0.234196,-2.91582,2.03712,-2.56794,
0.791058,3.0812,-0.2291,-2.89246,2.03297,-2.59191,
0.793968,3.08217,-0.225095,-2.86941,2.03077,-2.61763,
0.796227,3.08291,-0.222165,-2.8479,2.0308,-2.64362,
0.798096,3.0835,-0.220118,-2.82809,2.03261,-2.66887,
0.801319,3.08448,-0.217655,-2.80554,2.03511,-2.69543,
0.806552,3.08589,-0.214445,-2.77787,2.03778,-2.72509,
0.811838,3.08717,-0.211884,-2.75057,2.04151,-2.75469,
0.816382,3.08817,-0.210508,-2.72719,2.04671,-2.78119,
0.821182,3.08924,-0.20941,-2.70426,2.0521,-2.80663,
0.826992,3.09062,-0.208076,-2.67838,2.05652,-2.83354,
0.834265,3.09243,-0.206705,-2.64943,2.05884,-2.86104,
0.841878,3.09429,-0.205811,-2.61979,2.06023,-2.88864,
0.848967,3.09593,-0.205878,-2.59261,2.06187,-2.91443,
0.85585,3.09746,-0.206707,-2.56717,2.06394,-2.93888,
0.863127,3.09908,-0.207726,-2.54132,2.0659,-2.96313,
0.87156,3.10093,-0.208408,-2.51251,2.06728,-2.98863,
0.880317,3.10281,-0.209494,-2.48307,2.0695,-3.01483,
0.889229,3.10466,-0.210898,-2.45385,2.07237,-3.04078,
0.898395,3.1066,-0.212415,-2.42364,2.07514,-3.06726,
0.907313,3.10848,-0.214391,-2.39426,2.07774,-3.09313,
0.916301,3.11031,-0.216562,-2.36548,2.08023,-3.11809,
0.925813,3.11229,-0.218057,-2.3339,2.08264,-3.1445,
0.935087,3.11414,-0.219459,-2.30221,2.08559,-3.17107,
0.943885,3.11597,-0.221691,-2.27376,2.08906,-3.19528,
0.952194,3.11777,-0.224508,-2.24794,2.09267,-3.21755,
0.960387,3.1195,-0.22736,-2.22238,2.09602,-3.23942,
0.969388,3.12136,-0.22924,-2.19168,2.09851,-3.26427,
0.979539,3.12346,-0.230188,-2.15364,2.1,-3.2938,
0.98954,3.12555,-0.231327,-2.11489,2.10171,-3.32394,
0.998809,3.12757,-0.233217,-2.08036,2.10418,-3.35113,
1.00753,3.12949,-0.235718,-2.04921,2.10689,-3.37588,
1.01572,3.13121,-0.238779,-2.02049,2.10972,-3.39916,
1.02345,3.13272,-0.242296,-1.99455,2.11262,-3.42051,
1.03063,3.13405,-0.246348,-1.97236,2.11526,-3.43917,
1.0372,3.13517,-0.250901,-1.95489,2.11744,-3.45428,
1.04371,3.13628,-0.255368,-1.93904,2.11913,-3.46763,
1.0506,3.1375,-0.259319,-1.92153,2.12011,-3.48133,
1.0578,3.13882,-0.262811,-1.90182,2.12068,-3.49608,
1.06501,3.14015,-0.26621,-1.88093,2.12093,-3.51161,
1.07147,3.1412,-0.270302,-1.864,2.12094,-3.52485,
1.07737,3.14207,-0.274695,-1.85029,2.12072,-3.53593,
1.08336,3.143,-0.278691,-1.83539,2.12001,-3.54739,
1.08949,3.14399,-0.282237,-1.81817,2.119,-3.56018,
1.09566,3.14498,-0.285464,-1.79955,2.11769,-3.57369,
1.10168,3.14594,-0.288534,-1.7808,2.11633,-3.5872,
1.10721,3.14678,-0.29188,-1.76523,2.11528,-3.59871,
1.11235,3.14756,-0.295185,-1.75144,2.11432,-3.60897,
1.11739,3.14837,-0.298126,-1.73601,2.11338,-3.62031,
1.12236,3.14921,-0.300785,-1.71896,2.11271,-3.63283,
1.12726,3.15004,-0.303252,-1.70046,2.11247,-3.64652,
1.13203,3.15086,-0.305577,-1.68084,2.11273,-3.66117,
1.13662,3.15164,-0.307811,-1.66066,2.11356,-3.67644,
1.14093,3.15237,-0.309989,-1.64056,2.11492,-3.69186,
1.1449,3.15304,-0.312157,-1.62132,2.11676,-3.70689,
1.14851,3.15361,-0.314386,-1.60371,2.11888,-3.72094,
1.15169,3.15407,-0.316664,-1.58858,2.12124,-3.73341,
1.15418,3.15433,-0.319291,-1.57967,2.12391,-3.74191,
1.15565,3.15431,-0.322697,-1.5827,2.12715,-3.74269,
1.15604,3.15389,-0.326407,-1.59853,2.131,-3.73464,
1.1552,3.15321,-0.330375,-1.62584,2.13502,-3.71846,
1.15349,3.1524,-0.334333,-1.65936,2.13876,-3.69743,
1.15127,3.15154,-0.337987,-1.69385,2.14211,-3.6751,
1.14896,3.15084,-0.34066,-1.72426,2.14374,-3.65433,
1.14703,3.1503,-0.342319,-1.74771,2.14294,-3.63712,
1.14512,3.14974,-0.343534,-1.76804,2.14076,-3.62156,
1.14266,3.14899,-0.344933,-1.79061,2.13824,-3.60443,
1.13947,3.14795,-0.346685,-1.81814,2.13619,-3.5838,
1.13594,3.14685,-0.348226,-1.84649,2.13428,-3.56223,
1.13215,3.14572,-0.349541,-1.87468,2.13207,-3.54038,
1.12817,3.14461,-0.350388,-1.90241,2.12906,-3.51808,
1.12429,3.14354,-0.350605,-1.9279,2.12454,-3.49636,
1.11946,3.14219,-0.351397,-1.95914,2.12032,-3.47037,
1.11321,3.1404,-0.35308,-1.99931,2.11752,-3.43787,
1.1057,3.13834,-0.355587,-2.04649,2.11658,-3.40021,
1.09824,3.13633,-0.357386,-2.09211,2.11566,-3.36236,
1.09244,3.13492,-0.357173,-2.12709,2.11244,-3.33025,
1.08735,3.13371,-0.355794,-2.15488,2.10771,-3.30287,
1.08243,3.1325,-0.354252,-2.18033,2.10275,-3.27727,
1.07734,3.13127,-0.352964,-2.20593,2.09791,-3.25163,
1.07095,3.12968,-0.352666,-2.23666,2.09403,-3.2227,
1.06367,3.12787,-0.352778,-2.27143,2.09095,-3.19037,
1.05687,3.12623,-0.352068,-2.3039,2.08755,-3.15855,
1.05084,3.12474,-0.350268,-2.3319,2.08351,-3.12928,
1.04452,3.12326,-0.348444,-2.3594,2.07991,-3.10066,
1.03704,3.12158,-0.347237,-2.39016,2.07722,-3.07003,
1.02911,3.11984,-0.345948,-2.42149,2.07441,-3.0386,
1.02129,3.11807,-0.344448,-2.45231,2.0714,-3.00689,
1.0136,3.11637,-0.342406,-2.48146,2.06903,-2.97634,
1.00631,3.11476,-0.339714,-2.50786,2.06708,-2.94797,
0.998623,3.11315,-0.337123,-2.53405,2.0662,-2.92055,
0.991188,3.1116,-0.33399,-2.55798,2.06503,-2.89487,
0.984186,3.11014,-0.330299,-2.5791,2.06311,-2.87131,
0.976605,3.10863,-0.327137,-2.60118,2.06211,-2.8479,
0.969073,3.10714,-0.323766,-2.62228,2.06174,-2.82562,
0.961897,3.10572,-0.31996,-2.64135,2.06134,-2.80509,
0.954869,3.10445,-0.315752,-2.65903,2.06023,-2.78544,
0.946696,3.10297,-0.312366,-2.6787,2.05853,-2.76505,
0.937562,3.10128,-0.30952,-2.70043,2.05607,-2.74315,
0.928808,3.09968,-0.3064,-2.72107,2.05305,-2.72155,
0.921174,3.09835,-0.302354,-2.73826,2.05002,-2.70226,
0.914945,3.09737,-0.297458,-2.75065,2.04731,-2.68719,
0.910037,3.09689,-0.291546,-2.75785,2.04475,-2.67684,
0.906687,3.09682,-0.284763,-2.75978,2.04202,-2.67106,
0.902349,3.09649,-0.278911,-2.76223,2.04043,-2.66755,
0.895854,3.09555,-0.274852,-2.76886,2.0412,-2.66405,
0.88849,3.09443,-0.271553,-2.77859,2.04302,-2.6584,
0.880514,3.09315,-0.268904,-2.79074,2.04527,-2.65089,
0.871382,3.09151,-0.267231,-2.80712,2.0477,-2.63981,
0.861216,3.08963,-0.266443,-2.82734,2.05028,-2.62532,
0.84997,3.08742,-0.266478,-2.85124,2.05346,-2.60785,
0.839182,3.08539,-0.266261,-2.87444,2.05562,-2.58974,
0.830079,3.08383,-0.264718,-2.89177,2.05431,-2.57511,
0.821776,3.08246,-0.262922,-2.90564,2.05059,-2.56327,
0.813306,3.08105,-0.261443,-2.91836,2.04617,-2.55354,
0.805608,3.07992,-0.259845,-2.92863,2.04118,-2.54601,
0.79942,3.0792,-0.257609,-2.93463,2.03495,-2.54156,
0.794057,3.07861,-0.255379,-2.93792,2.02905,-2.54027,
0.789589,3.07812,-0.253245,-2.9387,2.02474,-2.54241,
0.788246,3.07836,-0.249442,-2.93129,2.02148,-2.5512,
0.790473,3.07941,-0.243796,-2.91403,2.01979,-2.56842,
0.793381,3.08061,-0.238503,-2.89313,2.01859,-2.59048,
0.795617,3.08152,-0.234467,-2.87275,2.01841,-2.61415,
0.797137,3.08215,-0.23154,-2.85408,2.01992,-2.63784,
0.800023,3.08314,-0.228197,-2.83236,2.02237,-2.66347,
0.80427,3.08438,-0.224568,-2.80757,2.02501,-2.69081,
0.808079,3.08538,-0.221886,-2.78535,2.02843,-2.71591,
0.811967,3.08638,-0.219548,-2.76397,2.03214,-2.73972,
0.816804,3.08765,-0.217055,-2.73976,2.03509,-2.76519,
0.821619,3.08886,-0.215193,-2.71549,2.03787,-2.7909,
0.826044,3.08992,-0.214288,-2.69301,2.04079,-2.81536,
0.83166,3.09136,-0.21292,-2.66793,2.04323,-2.84052,
0.839283,3.09331,-0.211242,-2.63867,2.04539,-2.8675,
0.847026,3.09515,-0.2103,-2.60972,2.04829,-2.89452,
0.854777,3.09698,-0.209972,-2.58142,2.05189,-2.92113,
0.863075,3.09897,-0.209834,-2.55141,2.0552,-2.94878,
0.871289,3.10088,-0.210323,-2.522,2.05829,-2.97593,
0.880027,3.10286,-0.210875,-2.49156,2.06115,-3.00323,
0.889826,3.10505,-0.210858,-2.45723,2.06394,-3.03279,
0.899596,3.10717,-0.211542,-2.42396,2.06737,-3.0616,
0.908593,3.10906,-0.213208,-2.39476,2.07135,-3.08741,
0.917062,3.1108,-0.215611,-2.36859,2.07527,-3.1108,
0.925221,3.11249,-0.218434,-2.34484,2.07877,-3.13188,
0.933189,3.11415,-0.221112,-2.32158,2.08181,-3.15211,
0.941553,3.11587,-0.222879,-2.29508,2.08399,-3.17405,
0.951081,3.11793,-0.223855,-2.26236,2.0851,-3.19994,
0.961013,3.12007,-0.22455,-2.22627,2.08643,-3.22835,
0.970324,3.1221,-0.225781,-2.1922,2.08857,-3.25567,
0.979144,3.12407,-0.227825,-2.16097,2.09107,-3.28111,
0.987376,3.12587,-0.230489,-2.13245,2.09377,-3.30481,
0.995052,3.12747,-0.23372,-2.10689,2.09631,-3.3264,
1.00268,3.12907,-0.236961,-2.08238,2.09829,-3.34661,
1.01051,3.1307,-0.239945,-2.05737,2.0994,-3.36637,
1.01842,3.1323,-0.242792,-2.03169,2.10036,-3.38634,
1.02664,3.13388,-0.245273,-2.00382,2.10161,-3.40766,
1.03482,3.13548,-0.247826,-1.97596,2.10297,-3.42888,
1.04231,3.13693,-0.251102,-1.95184,2.10419,-3.44774,
1.04903,3.13812,-0.255168,-1.932,2.1051,-3.46395,
1.05531,3.13916,-0.259509,-1.91495,2.10552,-3.47807,
1.06168,3.14023,-0.263659,-1.89731,2.10537,-3.49219,
1.06855,3.14146,-0.267122,-1.87601,2.10497,-3.50831,
1.07565,3.14272,-0.270141,-1.8521,2.10434,-3.52592,
1.08264,3.14394,-0.273088,-1.8281,2.10362,-3.54345,
1.08925,3.14502,-0.276246,-1.80645,2.10307,-3.55942,
1.09507,3.14581,-0.280052,-1.78984,2.1028,-3.57238,
1.09994,3.14629,-0.284525,-1.7796,2.10278,-3.58139,
1.10453,3.14674,-0.288964,-1.77154,2.10269,-3.58869,
1.10929,3.1473,-0.292833,-1.76205,2.10258,-3.59646,
1.11408,3.14793,-0.296238,-1.75139,2.10254,-3.60475,
1.11871,3.14857,-0.299315,-1.74075,2.1023,-3.61274,
1.12299,3.14914,-0.302434,-1.7319,2.10185,-3.61949,
1.12672,3.14953,-0.305805,-1.72633,2.1015,-3.6242,
1.12977,3.14977,-0.30956,-1.72476,2.1011,-3.62647,
1.13243,3.14993,-0.313321,-1.72554,2.10049,-3.62704,
1.13509,3.15021,-0.31656,-1.72495,2.09986,-3.62819,
1.13774,3.1505,-0.319376,-1.72312,2.09946,-3.63009,
1.14027,3.1508,-0.321819,-1.72068,2.09924,-3.63229,
1.14239,3.15098,-0.324419,-1.72033,2.09925,-3.63331,
1.14396,3.15101,-0.32722,-1.72313,2.09936,-3.63234,
1.14497,3.1509,-0.330248,-1.72935,2.09903,-3.62902,
1.14558,3.15071,-0.333254,-1.73793,2.09816,-3.62378,
1.14622,3.15058,-0.335655,-1.74527,2.09694,-3.61882,
1.14687,3.1505,-0.337598,-1.75112,2.09593,-3.61472,
1.14744,3.15039,-0.339187,-1.75603,2.09503,-3.6112,
1.14775,3.15022,-0.340719,-1.76158,2.0942,-3.60732,
1.14744,3.14987,-0.34249,-1.77007,2.09327,-3.60159,
1.14655,3.14937,-0.344308,-1.78122,2.09237,-3.59406,
1.14553,3.14886,-0.345822,-1.79248,2.09138,-3.58616,
1.1445,3.14838,-0.346955,-1.80243,2.09049,-3.57905,
1.14354,3.14794,-0.347716,-1.81082,2.08983,-3.57295,
1.14238,3.14745,-0.348306,-1.81888,2.08926,-3.56718,
1.14094,3.14688,-0.34885,-1.82725,2.08857,-3.56129,
1.13913,3.14621,-0.349426,-1.83691,2.08781,-3.55458,
1.13717,3.14552,-0.349825,-1.84651,2.08683,-3.54777,
1.13523,3.14486,-0.349938,-1.85493,2.08555,-3.54162,
1.1333,3.1442,-0.349812,-1.86255,2.08421,-3.53592,
1.13113,3.14345,-0.349648,-1.87079,2.08312,-3.52993,
1.1287,3.14263,-0.3495,-1.88024,2.08214,-3.52308,
1.12603,3.14176,-0.349386,-1.89076,2.08106,-3.51544,
1.12324,3.14087,-0.349104,-1.90146,2.07962,-3.50741,
1.12057,3.14004,-0.348522,-1.91114,2.07791,-3.49982,
1.11797,3.13923,-0.347683,-1.91989,2.07615,-3.49272,
1.11549,3.13844,-0.346593,-1.92733,2.07459,-3.48657,
1.11301,3.13765,-0.345363,-1.93381,2.0732,-3.48126,
1.11045,3.13684,-0.344078,-1.93992,2.07179,-3.47631,
1.1078,3.13601,-0.342807,-1.94612,2.07033,-3.47136,
1.10514,3.13517,-0.341472,-1.95208,2.06871,-3.46654,
1.10263,3.13432,-0.339968,-1.95776,2.06734,-3.46176,
1.10012,3.13348,-0.338381,-1.96355,2.0664,-3.45692,
1.09763,3.13266,-0.336694,-1.969,2.06554,-3.45231,
1.09516,3.13186,-0.33495,-1.97428,2.06475,-3.44779,
1.09272,3.13108,-0.333153,-1.97924,2.06402,-3.44353,
1.09031,3.13033,-0.331252,-1.98353,2.06321,-3.43974,
1.08796,3.12961,-0.329269,-1.98725,2.0622,-3.43631,
1.08568,3.12893,-0.32725,-1.9906,2.06085,-3.433,
1.08345,3.12827,-0.325285,-1.9943,2.05953,-3.42936,
1.08118,3.12763,-0.323446,-1.99851,2.05845,-3.42544,
1.07892,3.12699,-0.32165,-2.00293,2.05756,-3.42141,
1.07695,3.12643,-0.319605,-2.00573,2.05682,-3.41848,
1.07542,3.12606,-0.317305,-2.00588,2.05631,-3.41751,
1.07423,3.12579,-0.314879,-2.00415,2.05608,-3.41799,
1.07308,3.12556,-0.312613,-2.00243,2.05592,-3.4186,
1.0718,3.12527,-0.310596,-2.00196,2.05573,-3.41834,
1.07053,3.12498,-0.308794,-2.00243,2.05552,-3.41736,
1.06928,3.12471,-0.307148,-2.00355,2.05534,-3.41588,
1.06803,3.12446,-0.3056,-2.00521,2.05514,-3.41393,
1.06686,3.12424,-0.304036,-2.00677,2.05493,-3.41199,
1.06584,3.1241,-0.302342,-2.00733,2.05461,-3.41069,
1.06511,3.12404,-0.300429,-2.00597,2.05426,-3.41075,
1.0645,3.12401,-0.298558,-2.00415,2.054,-3.41119,
1.06379,3.12394,-0.296916,-2.00342,2.05367,-3.41088,
1.06307,3.12386,-0.295408,-2.00326,2.05335,-3.41015,
1.0624,3.12379,-0.293954,-2.00299,2.05309,-3.40956,
1.06195,3.12378,-0.292384,-2.00144,2.05299,-3.40992,
1.06178,3.12384,-0.290664,-1.9982,2.0532,-3.41159,
1.06173,3.12393,-0.288952,-1.99395,2.05356,-3.4142,
1.06168,3.12403,-0.28735,-1.98985,2.05397,-3.41675,
1.06158,3.12412,-0.28589,-1.98676,2.05438,-3.41851,
1.06138,3.12417,-0.284611,-1.98493,2.05461,-3.41926,
1.06113,3.12421,-0.283462,-1.98406,2.05469,-3.41921,
1.06085,3.12424,-0.282423,-1.98369,2.05473,-3.4188,
1.06059,3.12427,-0.281474,-1.98384,2.0547,-3.41795,
1.06046,3.12436,-0.280446,-1.98346,2.05466,-3.41737,
1.06052,3.12452,-0.279281,-1.98159,2.05477,-3.41794,
1.06072,3.12472,-0.278072,-1.97869,2.05501,-3.41937,
1.06091,3.12491,-0.276974,-1.97579,2.05532,-3.42093,
1.06104,3.12507,-0.276035,-1.97348,2.05563,-3.42214,
1.0611,3.12521,-0.275262,-1.97195,2.05577,-3.42278,
1.06112,3.12533,-0.274622,-1.97117,2.05578,-3.42284,
1.0612,3.12548,-0.27395,-1.97035,2.05568,-3.4228,
1.06144,3.12568,-0.273147,-1.96847,2.0557,-3.4235,
1.06169,3.12589,-0.272418,-1.96642,2.05581,-3.42448,
1.06185,3.12605,-0.271858,-1.96516,2.05597,-3.42497,
1.06193,3.1262,-0.271439,-1.96479,2.05607,-3.42481,
1.06201,3.12634,-0.271062,-1.96463,2.05596,-3.42443,
1.0622,3.12654,-0.270586,-1.96391,2.05575,-3.42432,
1.06245,3.12675,-0.270099,-1.96292,2.05555,-3.42441,
1.06272,3.12695,-0.269641,-1.96175,2.05554,-3.42474,
1.06293,3.12714,-0.269312,-1.96105,2.0557,-3.42487,
1.06314,3.12733,-0.269001,-1.9604,2.05595,-3.42501,
1.06342,3.12755,-0.268618,-1.95911,2.05628,-3.42563,
1.06373,3.12778,-0.268234,-1.95761,2.05642,-3.42635,
1.06397,3.12799,-0.268031,-1.95727,2.05654,-3.42622,
1.06408,3.12818,-0.267981,-1.95828,2.05662,-3.42505,
1.0641,3.12834,-0.268032,-1.96026,2.05668,-3.42315,
1.0641,3.1285,-0.268085,-1.96255,2.05661,-3.42093,
1.06416,3.12865,-0.268065,-1.96447,2.05641,-3.41889,
1.06433,3.12883,-0.2679,-1.96532,2.05631,-3.41765,
1.06462,3.12905,-0.267642,-1.96501,2.05625,-3.41732,
1.06495,3.12928,-0.267355,-1.96398,2.05627,-3.41763,
1.06523,3.12947,-0.267159,-1.96326,2.0564,-3.41784,
1.06539,3.12965,-0.267119,-1.96351,2.05655,-3.41739,
1.06546,3.12979,-0.267189,-1.96461,2.05649,-3.41626,
1.06555,3.12993,-0.267216,-1.96575,2.05627,-3.41499,
1.06571,3.13008,-0.267152,-1.96657,2.05599,-3.41383,
1.06585,3.13023,-0.26712,-1.96746,2.05572,-3.41266,
1.06598,3.13037,-0.267094,-1.96842,2.05556,-3.41148,
1.0661,3.13049,-0.267074,-1.96942,2.05548,-3.41032,
1.06624,3.13062,-0.266989,-1.96996,2.05545,-3.40952,
1.06646,3.13077,-0.266835,-1.96986,2.05542,-3.40919,
1.0667,3.13092,-0.266668,-1.96967,2.05536,-3.4089,
1.06688,3.13104,-0.266606,-1.97006,2.05535,-3.40824,
1.06695,3.13113,-0.266651,-1.97117,2.05534,-3.40711,
1.067,3.1312,-0.266703,-1.9725,2.0553,-3.4058,
1.06714,3.1313,-0.266629,-1.97307,2.05531,-3.405,
1.06739,3.13143,-0.266427,-1.9726,2.05546,-3.40502,
1.06767,3.13157,-0.266211,-1.97162,2.05571,-3.40552,
1.06788,3.13167,-0.266097,-1.97112,2.05595,-3.40573,
1.06797,3.13174,-0.266106,-1.97158,2.05603,-3.40521,
1.06797,3.13177,-0.26619,-1.97278,2.056,-3.40411,
1.0679,3.13178,-0.266283,-1.97446,2.05589,-3.4026,
1.06783,3.13178,-0.26636,-1.97633,2.05576,-3.40089,
1.06786,3.13182,-0.266323,-1.97746,2.05568,-3.39968,
1.06802,3.13189,-0.266166,-1.97748,2.05574,-3.39936,
1.06819,3.13197,-0.265991,-1.9769,2.05589,-3.39959,
1.06837,3.13204,-0.265826,-1.9761,2.05607,-3.40007,
1.06852,3.1321,-0.265716,-1.97551,2.05626,-3.40043,
1.06861,3.13214,-0.265689,-1.9755,2.05637,-3.40036,
1.06866,3.13216,-0.265698,-1.97592,2.05646,-3.39993,
1.06872,3.13218,-0.265689,-1.97654,2.05651,-3.39927,
1.06877,3.1322,-0.265669,-1.97721,2.05655,-3.39855,
1.06883,3.13222,-0.265634,-1.97785,2.05666,-3.39787,
1.06889,3.13225,-0.265573,-1.97824,2.05682,-3.39741,
1.06898,3.13228,-0.265492,-1.97833,2.05699,-3.3972,
1.06908,3.13232,-0.265399,-1.97839,2.05713,-3.39699,
1.06918,3.13235,-0.265321,-1.9786,2.05739,-3.3967,
1.06925,3.13238,-0.265266,-1.97903,2.05767,-3.39624,
1.06932,3.1324,-0.265203,-1.97936,2.05795,-3.39587,
1.06941,3.13244,-0.265108,-1.97928,2.05822,-3.39585,
1.06951,3.13248,-0.264988,-1.97887,2.0585,-3.39611,
1.0696,3.13252,-0.264881,-1.97839,2.05875,-3.39645,
1.06968,3.13255,-0.264816,-1.97818,2.05894,-3.39657,
1.06974,3.13256,-0.264781,-1.97834,2.05914,-3.39639,
1.06976,3.13257,-0.264768,-1.97879,2.05934,-3.39598,
1.06978,3.13257,-0.264759,-1.97932,2.05952,-3.3955,
1.06984,3.1326,-0.264678,-1.9794,2.05974,-3.39535,
1.06996,3.13264,-0.264528,-1.97887,2.06005,-3.39569,
1.07008,3.13268,-0.264393,-1.97812,2.06035,-3.39626,
1.07014,3.1327,-0.264332,-1.97774,2.0606,-3.39659,
1.07013,3.1327,-0.264352,-1.97795,2.06078,-3.39647,
1.07007,3.13269,-0.264399,-1.97855,2.0609,-3.39603,
1.07004,3.13268,-0.264422,-1.9792,2.06098,-3.39549,
1.07002,3.13268,-0.26443,-1.97975,2.06104,-3.39501,
1.07004,3.1327,-0.264371,-1.97987,2.06115,-3.39484,
1.07012,3.13273,-0.264249,-1.97943,2.06135,-3.39512,
1.07022,3.13277,-0.264121,-1.97868,2.0616,-3.39571,
1.07029,3.13279,-0.264038,-1.97806,2.06186,-3.39624,
1.07028,3.13279,-0.264026,-1.97791,2.06209,-3.39645,
1.07022,3.13278,-0.264084,-1.9783,2.06221,-3.39624,
1.07012,3.13276,-0.264163,-1.97902,2.06227,-3.39574,
1.07005,3.13274,-0.264208,-1.97976,2.06228,-3.39515,
1.06999,3.13273,-0.264239,-1.98049,2.06227,-3.39453,
1.06994,3.13273,-0.264254,-1.98112,2.06226,-3.39397,
1.06993,3.13274,-0.264208,-1.98134,2.06234,-3.39374,
1.06996,3.13276,-0.264122,-1.98114,2.06248,-3.39387,
1.06999,3.13278,-0.264038,-1.98075,2.06268,-3.39419,
1.07003,3.1328,-0.263969,-1.98037,2.06292,-3.39453,
1.07002,3.13281,-0.263944,-1.98026,2.06317,-3.3947,
1.06998,3.1328,-0.263958,-1.98049,2.06333,-3.3946,
1.06994,3.1328,-0.263961,-1.98079,2.06344,-3.39438,
1.0699,3.13281,-0.263956,-1.98113,2.06352,-3.3941,
1.06987,3.13281,-0.263954,-1.98152,2.06358,-3.39378,
1.06984,3.13282,-0.26393,-1.98177,2.06367,-3.39356,
1.06983,3.13283,-0.26389,-1.9818,2.0638,-3.39355,
1.06983,3.13284,-0.263836,-1.98167,2.06394,-3.39366,
1.06982,3.13286,-0.263801,-1.98165,2.06408,-3.3937,
1.06977,3.13286,-0.263798,-1.98191,2.06418,-3.39352,
1.06973,3.13286,-0.263795,-1.98226,2.06427,-3.39325,
1.06969,3.13287,-0.263789,-1.9826,2.06436,-3.39297,
1.06966,3.13287,-0.263777,-1.98294,2.06446,-3.3927,
1.06963,3.13288,-0.26375,-1.98317,2.0646,-3.39252,
1.06962,3.1329,-0.263706,-1.98321,2.06476,-3.3925,
1.06961,3.13292,-0.263649,-1.98311,2.06493,-3.3926,
1.0696,3.13293,-0.263609,-1.98312,2.0651,-3.39262,
1.06954,3.13294,-0.263605,-1.98344,2.06521,-3.39238,
1.06949,3.13294,-0.263603,-1.98386,2.06529,-3.39205,
1.06943,3.13294,-0.263599,-1.98429,2.06536,-3.39171,
1.06938,3.13295,-0.26359,-1.9847,2.06542,-3.39137,
1.06933,3.13296,-0.263566,-1.985,2.06552,-3.39112,
1.06931,3.13297,-0.263523,-1.9851,2.06565,-3.39105,
1.06929,3.13299,-0.263478,-1.9851,2.0658,-3.39107,
1.06927,3.13301,-0.263435,-1.98515,2.06593,-3.39103,
1.06923,3.13302,-0.263412,-1.98539,2.06606,-3.39085,
1.06918,3.13303,-0.263399,-1.98576,2.06619,-3.39057,
1.06913,3.13303,-0.26338,-1.98612,2.06631,-3.39029,
1.06909,3.13305,-0.26335,-1.98637,2.06643,-3.39008,
1.06907,3.13306,-0.263304,-1.98646,2.06656,-3.39001,
1.06905,3.13309,-0.263246,-1.98641,2.06668,-3.39005,
1.06904,3.13311,-0.263183,-1.98625,2.06681,-3.3902,
1.06901,3.13313,-0.26314,-1.98618,2.06694,-3.39028,
1.06897,3.13314,-0.263119,-1.98627,2.06702,-3.39025,
1.06892,3.13315,-0.263096,-1.98642,2.06708,-3.39014,
1.06888,3.13315,-0.263076,-1.98665,2.06713,-3.38995,
1.06881,3.13315,-0.263071,-1.98706,2.06718,-3.38963,
1.06874,3.13315,-0.263073,-1.98758,2.06724,-3.38921,
1.06867,3.13315,-0.263067,-1.98809,2.06729,-3.38879,
1.06861,3.13316,-0.263047,-1.98851,2.06737,-3.38845,
1.06856,3.13317,-0.263011,-1.98877,2.06747,-3.38823,
1.06851,3.13318,-0.262976,-1.98898,2.06757,-3.38807,
1.06846,3.13319,-0.262946,-1.98921,2.06766,-3.38789,
1.06841,3.13319,-0.262922,-1.98948,2.06773,-3.38768,
1.06836,3.1332,-0.262892,-1.98969,2.06781,-3.38752,
1.06832,3.13321,-0.262851,-1.98979,2.0679,-3.38744,
1.06829,3.13323,-0.262804,-1.98978,2.06799,-3.38746,
1.06825,3.13324,-0.262764,-1.98976,2.06808,-3.38751,
1.0682,3.13325,-0.262734,-1.98981,2.06814,-3.38749,
1.06815,3.13325,-0.262718,-1.99004,2.0682,-3.38732,
1.06808,3.13325,-0.262713,-1.99039,2.06826,-3.38706,
1.06801,3.13325,-0.262707,-1.99076,2.06831,-3.38678,
1.06794,3.13325,-0.262698,-1.99115,2.06836,-3.38648,
1.06788,3.13325,-0.26268,-1.99147,2.06842,-3.38622,
1.06783,3.13325,-0.262651,-1.99169,2.06849,-3.38604,
1.06779,3.13326,-0.262614,-1.99181,2.06857,-3.38596,
1.06774,3.13327,-0.262583,-1.99191,2.06865,-3.3859,
1.06769,3.13327,-0.26256,-1.99207,2.0687,-3.38579,
1.06763,3.13327,-0.262541,-1.99229,2.06875,-3.38562,
1.06757,3.13327,-0.262529,-1.99258,2.06879,-3.38541,
1.06751,3.13327,-0.26252,-1.9929,2.06884,-3.38516,
1.06744,3.13327,-0.262511,-1.99326,2.06888,-3.38488,
1.06738,3.13327,-0.262496,-1.99357,2.06894,-3.38464,
1.06733,3.13327,-0.262469,-1.99379,2.06901,-3.38447,
1.06727,3.13328,-0.262447,-1.99398,2.06907,-3.38433,
1.06722,3.13328,-0.262431,-1.99422,2.06912,-3.38416,
1.06716,3.13328,-0.262419,-1.9945,2.06916,-3.38394,
1.06709,3.13328,-0.262409,-1.99482,2.06921,-3.3837,
