3.76107,-1.65995,-0.841948,-0.375924,-0.434332,-4.86602,
3.76092,-1.66006,-0.841674,-0.374243,-0.434094,-4.86752,
3.76086,-1.6602,-0.841267,-0.370791,-0.433675,-4.87054,
3.76092,-1.66039,-0.840715,-0.365361,-0.433063,-4.87525,
3.76112,-1.66061,-0.840007,-0.357776,-0.432203,-4.88175,
3.76147,-1.66086,-0.839143,-0.347881,-0.431062,-4.89017,
3.76201,-1.66113,-0.838119,-0.335505,-0.429602,-4.90059,
3.76278,-1.66141,-0.836938,-0.320538,-0.427803,-4.91306,
3.7638,-1.66171,-0.835633,-0.3029,-0.425645,-4.92759,
3.7651,-1.66202,-0.834191,-0.282517,-0.42313,-4.94417,
3.76672,-1.66232,-0.832651,-0.259309,-0.420262,-4.96283,
3.76867,-1.66263,-0.831039,-0.233245,-0.417057,-4.98354,
3.77097,-1.66292,-0.829355,-0.204267,-0.413532,-5.00626,
3.77364,-1.66318,-0.827591,-0.172337,-0.409722,-5.03093,
3.7767,-1.66342,-0.825788,-0.137472,-0.405657,-5.05749,
3.78015,-1.66362,-0.82396,-0.0996867,-0.401368,-5.08584,
3.78399,-1.66379,-0.822095,-0.058984,-0.396885,-5.11587,
3.78822,-1.66393,-0.820216,-0.01539,-0.392237,-5.14749,
3.79285,-1.66403,-0.818334,0.0310683,-0.387463,-5.1806,
3.79786,-1.6641,-0.816448,0.0803592,-0.382604,-5.21508,
3.80326,-1.66413,-0.814561,0.132404,-0.377708,-5.25077,
3.80904,-1.66412,-0.812713,0.187146,-0.372797,-5.28757,
3.81519,-1.66408,-0.810893,0.244516,-0.367899,-5.32534,
3.82172,-1.664,-0.809096,0.304445,-0.363054,-5.36391,
3.82863,-1.66388,-0.807341,0.366842,-0.35829,-5.40315,
3.8359,-1.66372,-0.805634,0.431602,-0.353638,-5.44292,
3.84352,-1.66354,-0.803972,0.498624,-0.349137,-5.48307,
3.85149,-1.66333,-0.802366,0.567793,-0.344789,-5.52347,
3.85978,-1.6631,-0.80082,0.638988,-0.3406,-5.56396,
3.86837,-1.66286,-0.799327,0.712092,-0.336585,-5.60442,
3.87724,-1.6626,-0.797895,0.786957,-0.332758,-5.64472,
3.88637,-1.66235,-0.796526,0.86345,-0.329105,-5.68472,
3.89574,-1.66208,-0.795206,0.941383,-0.325656,-5.72428,
3.90532,-1.66182,-0.793939,1.02057,-0.322379,-5.76325,
3.9151,-1.66157,-0.792718,1.10082,-0.319281,-5.80152,
3.92506,-1.66133,-0.791534,1.18194,-0.316353,-5.83895,
3.93516,-1.6611,-0.790382,1.26371,-0.313577,-5.87541,
3.94536,-1.66089,-0.789252,1.34589,-0.310942,-5.91081,
3.95565,-1.66069,-0.788146,1.42826,-0.308437,-5.94506,
3.96598,-1.66051,-0.787057,1.51057,-0.306054,-5.97805,
3.97633,-1.66034,-0.785967,1.59255,-0.303775,-6.0097,
3.98668,-1.66019,-0.784884,1.67404,-0.301582,-6.03997,
3.99702,-1.66006,-0.783814,1.75452,-0.29949,-6.06871,
4.00728,-1.65993,-0.782727,1.83366,-0.297487,-6.09584,
4.01746,-1.65981,-0.781615,1.91124,-0.295553,-6.12134,
4.0275,-1.65971,-0.780439,1.98709,-0.293683,-6.1452,
4.03737,-1.65962,-0.779175,2.06099,-0.291876,-6.16742,
4.04704,-1.65954,-0.777812,2.13271,-0.290121,-6.18799,
4.05649,-1.65949,-0.776366,2.202,-0.288384,-6.20692,
4.06568,-1.65946,-0.774809,2.26862,-0.286654,-6.22421,
4.0746,-1.65946,-0.773125,2.33236,-0.284915,-6.23986,
4.08322,-1.65948,-0.771299,2.39298,-0.283175,-6.2539,
4.09153,-1.65952,-0.769329,2.45028,-0.281441,-6.26634,
4.09951,-1.65959,-0.767206,2.50409,-0.279752,-6.27726,
4.10716,-1.65969,-0.764925,2.55425,-0.27813,-6.28668,
4.11444,-1.65982,-0.762489,2.60064,-0.276561,-6.29467,
4.12137,-1.65997,-0.759898,2.64316,-0.275035,-6.30128,
4.12768,-1.66005,-0.757516,2.67981,-0.273093,-6.30639,
4.13347,-1.6601,-0.755181,2.71134,-0.270486,-6.31005,
4.13877,-1.66014,-0.752877,2.73794,-0.267232,-6.31233,
4.14357,-1.66016,-0.750594,2.75963,-0.263364,-6.3133,
4.15031,-1.65955,-0.751072,2.75226,-0.259248,-6.30936,
4.15663,-1.65877,-0.75219,2.72934,-0.255205,-6.30222,
4.1624,-1.65792,-0.753923,2.69229,-0.252064,-6.29219,
4.16754,-1.65693,-0.756253,2.64187,-0.24972,-6.27912,
4.17195,-1.65584,-0.759154,2.5788,-0.248489,-6.2629,
4.17547,-1.65469,-0.762592,2.50391,-0.248556,-6.24335,
4.1781,-1.65351,-0.766588,2.41813,-0.249856,-6.22024,
4.17972,-1.65237,-0.771135,2.3226,-0.252223,-6.19338,
4.1801,-1.65142,-0.776303,2.21929,-0.254974,-6.16287,
4.17876,-1.65031,-0.781784,2.11114,-0.259135,-6.12964,
4.17569,-1.64905,-0.787374,1.99974,-0.264937,-6.09392,
4.17144,-1.64784,-0.793268,1.88414,-0.271504,-6.05483,
4.16599,-1.64668,-0.799379,1.76549,-0.278655,-6.01245,
4.1594,-1.64558,-0.805691,1.64444,-0.286274,-5.96682,
4.15164,-1.64456,-0.812113,1.5218,-0.294205,-5.91804,
4.14286,-1.64363,-0.818612,1.39836,-0.302005,-5.86616,
4.13317,-1.6428,-0.825069,1.27435,-0.309364,-5.81096,
4.12259,-1.64204,-0.831511,1.15051,-0.316244,-5.75279,
4.11174,-1.64146,-0.837587,1.02842,-0.322579,-5.69184,
4.1006,-1.64103,-0.843084,0.909022,-0.328509,-5.6286,
4.08884,-1.64069,-0.848293,0.791838,-0.333863,-5.56337,
4.07645,-1.64045,-0.853238,0.676729,-0.338487,-5.49616,
4.06347,-1.64028,-0.857915,0.563868,-0.342429,-5.4272,
4.04991,-1.64018,-0.862349,0.453296,-0.345817,-5.35668,
4.03576,-1.64013,-0.866541,0.345113,-0.348851,-5.28488,
4.02106,-1.64012,-0.870496,0.239415,-0.351565,-5.21201,
4.00581,-1.64005,-0.874221,0.136249,-0.353975,-5.13832,
3.99015,-1.63979,-0.877736,0.0356982,-0.356116,-5.06396,
3.97432,-1.63951,-0.881334,-0.0622043,-0.358052,-4.98917,
3.96163,-1.63984,-0.882193,-0.151233,-0.360363,-4.91423,
3.94879,-1.64035,-0.882986,-0.236746,-0.363001,-4.84021,
3.93176,-1.64075,-0.885508,-0.320952,-0.36498,-4.77097,
3.91407,-1.64117,-0.88798,-0.401508,-0.367125,-4.70407,
3.89653,-1.64165,-0.890044,-0.47657,-0.369103,-4.6406,
3.87931,-1.64222,-0.891526,-0.545334,-0.37045,-4.5814,
3.86217,-1.64287,-0.89264,-0.608763,-0.371175,-4.52631,
3.84524,-1.64358,-0.893414,-0.667084,-0.371217,-4.47531,
3.8286,-1.64437,-0.893845,-0.720456,-0.370564,-4.42846,
3.81236,-1.6452,-0.893885,-0.768969,-0.369103,-4.38573,
3.7966,-1.64607,-0.893467,-0.81273,-0.366733,-4.34707,
3.78139,-1.64698,-0.892626,-0.852019,-0.363772,-4.3124,
3.7668,-1.64791,-0.891415,-0.887078,-0.360407,-4.28166,
3.75288,-1.64884,-0.889856,-0.918082,-0.35675,-4.25477,
3.73965,-1.64976,-0.888002,-0.945242,-0.352899,-4.23165,
3.72714,-1.65065,-0.885889,-0.96862,-0.348976,-4.21237,
3.71538,-1.65149,-0.883571,-0.98854,-0.345069,-4.19663,
3.70437,-1.6523,-0.881035,-1.00526,-0.341225,-4.18413,
3.69414,-1.65308,-0.878292,-1.0189,-0.337398,-4.17469,
3.68466,-1.65384,-0.875366,-1.02958,-0.333629,-4.16824,
3.67589,-1.65458,-0.87228,-1.03751,-0.330061,-4.16463,
3.66786,-1.65528,-0.8691,-1.0428,-0.326702,-4.16373,
3.66058,-1.65592,-0.865837,-1.0456,-0.323461,-4.1653,
3.65402,-1.65649,-0.862545,-1.04606,-0.320324,-4.1692,
3.64818,-1.65698,-0.859241,-1.04422,-0.317325,-4.17537,
3.64305,-1.6574,-0.855964,-1.04018,-0.31451,-4.18373,
3.63861,-1.65776,-0.852713,-1.03408,-0.311908,-4.19408,
3.63483,-1.65804,-0.84945,-1.026,-0.309545,-4.20626,
3.63169,-1.65827,-0.846236,-1.0161,-0.30744,-4.22015,
3.62919,-1.65844,-0.843091,-1.00447,-0.305601,-4.23559,
3.62729,-1.65855,-0.840037,-0.991237,-0.304062,-4.25245,
3.62598,-1.65869,-0.836985,-0.975848,-0.30278,-4.27132,
3.62527,-1.65884,-0.833969,-0.958253,-0.301706,-4.29222,
3.62528,-1.65904,-0.83116,-0.938837,-0.300735,-4.31453,
3.62599,-1.65929,-0.828528,-0.917504,-0.299751,-4.33827,
3.62734,-1.65956,-0.826005,-0.894021,-0.298723,-4.36372,
3.62931,-1.65984,-0.823557,-0.868269,-0.297645,-4.39093,
3.63188,-1.66014,-0.821216,-0.840186,-0.296524,-4.41999,
3.63482,-1.6604,-0.819168,-0.809912,-0.295299,-4.45109,
3.6383,-1.66067,-0.817261,-0.777201,-0.294009,-4.48409,
3.64233,-1.66095,-0.815457,-0.741942,-0.292666,-4.51896,
3.64693,-1.66125,-0.813742,-0.704059,-0.29128,-4.55568,
3.65207,-1.66156,-0.812111,-0.663478,-0.289857,-4.59424,
3.65775,-1.66189,-0.810554,-0.620136,-0.288403,-4.63459,
3.66394,-1.66227,-0.809062,-0.573965,-0.286905,-4.67668,
3.67062,-1.66276,-0.807619,-0.524912,-0.285387,-4.72046,
3.67773,-1.66326,-0.806164,-0.472924,-0.283856,-4.76588,
3.68508,-1.66371,-0.804539,-0.417979,-0.282334,-4.81287,
3.69283,-1.66416,-0.802891,-0.360028,-0.2808,-4.8613,
3.70103,-1.66464,-0.801256,-0.29911,-0.279274,-4.91096,
3.70968,-1.6651,-0.799653,-0.235251,-0.277765,-4.96173,
3.71877,-1.66556,-0.79809,-0.16848,-0.27629,-5.01345,
3.72828,-1.666,-0.796588,-0.0988383,-0.274838,-5.066,
3.73821,-1.66641,-0.795176,-0.0263813,-0.273442,-5.11923,
3.74855,-1.66681,-0.793869,0.0488355,-0.272098,-5.17301,
3.75928,-1.66719,-0.792674,0.126738,-0.270812,-5.22717,
3.77039,-1.66754,-0.791607,0.207236,-0.269618,-5.28157,
3.78186,-1.66786,-0.790676,0.290247,-0.268518,-5.33606,
3.79366,-1.66815,-0.789898,0.37566,-0.267518,-5.3905,
3.80579,-1.66842,-0.789267,0.463339,-0.266651,-5.44471,
3.81819,-1.66865,-0.788811,0.553195,-0.26593,-5.49861,
3.83086,-1.66888,-0.788484,0.645008,-0.265362,-5.55194,
3.84375,-1.66908,-0.788263,0.738608,-0.264946,-5.60453,
3.85685,-1.66928,-0.788141,0.833815,-0.264665,-5.65624,
3.87009,-1.66946,-0.788122,0.930464,-0.264534,-5.70694,
3.88346,-1.66962,-0.788197,1.02836,-0.264556,-5.75652,
3.89692,-1.66978,-0.788348,1.12728,-0.264693,-5.80481,
3.91045,-1.66994,-0.788558,1.22698,-0.264952,-5.85166,
3.92403,-1.67008,-0.788815,1.3272,-0.26531,-5.89696,
3.93763,-1.67023,-0.789095,1.42767,-0.265747,-5.94056,
3.95121,-1.67037,-0.789375,1.52808,-0.266237,-5.98234,
3.96478,-1.67052,-0.789657,1.62819,-0.266752,-6.02222,
3.97826,-1.67069,-0.789958,1.72764,-0.26728,-6.06017,
3.99163,-1.67085,-0.79027,1.82593,-0.267802,-6.09604,
4.00485,-1.67102,-0.790569,1.92269,-0.268315,-6.12976,
4.01785,-1.6712,-0.790796,2.01764,-0.268807,-6.16131,
4.03063,-1.67139,-0.790928,2.11033,-0.269246,-6.1906,
4.04312,-1.67158,-0.79094,2.20049,-0.269602,-6.21765,
4.05532,-1.67179,-0.790817,2.28781,-0.2699,-6.24248,
4.06719,-1.67201,-0.790545,2.37197,-0.270108,-6.26511,
4.07872,-1.67223,-0.790105,2.45266,-0.270198,-6.28558,
4.08987,-1.67244,-0.789478,2.52958,-0.270157,-6.30392,
4.10063,-1.67264,-0.788655,2.60243,-0.269954,-6.32019,
4.11098,-1.67285,-0.787635,2.67096,-0.269598,-6.33445,
4.12092,-1.67309,-0.786399,2.73497,-0.26914,-6.3468,
4.13035,-1.67331,-0.784921,2.79426,-0.268584,-6.35732,
4.13916,-1.67349,-0.783572,2.84675,-0.267496,-6.36594,
4.14739,-1.67364,-0.782184,2.89311,-0.265505,-6.37271,
4.15503,-1.67376,-0.780814,2.93297,-0.262634,-6.37772,
4.16205,-1.67382,-0.77948,2.96614,-0.258767,-6.38104,
4.16842,-1.67385,-0.778166,2.99264,-0.253866,-6.38274,
4.17658,-1.67326,-0.779435,2.98878,-0.248203,-6.38018,
4.18426,-1.67246,-0.781288,2.96839,-0.242217,-6.37468,
4.19128,-1.6715,-0.783702,2.9329,-0.236978,-6.36659,
4.19755,-1.67043,-0.786635,2.88314,-0.232407,-6.35569,
4.20303,-1.66925,-0.790062,2.81995,-0.228838,-6.34185,
4.20757,-1.66802,-0.793966,2.74424,-0.226513,-6.32485,
4.21115,-1.66669,-0.79834,2.6569,-0.225506,-6.30446,
4.2137,-1.66532,-0.803185,2.55909,-0.225697,-6.28039,
4.2151,-1.66399,-0.80849,2.45223,-0.226834,-6.25247,
4.21495,-1.66276,-0.814261,2.33911,-0.228451,-6.22111,
4.21264,-1.66127,-0.820158,2.22329,-0.231674,-6.18754,
4.20892,-1.65975,-0.826333,2.10334,-0.235851,-6.15071,
4.20395,-1.65826,-0.832667,1.97996,-0.240636,-6.11037,
4.19773,-1.65682,-0.839109,1.85398,-0.24594,-6.06656,
4.19035,-1.65544,-0.845655,1.72626,-0.251538,-6.01937,
4.18182,-1.65411,-0.852252,1.59753,-0.257075,-5.96887,
4.17224,-1.65283,-0.858858,1.46818,-0.262417,-5.91502,
4.16175,-1.65164,-0.865557,1.33895,-0.267512,-5.85815,
4.15077,-1.65061,-0.871791,1.21116,-0.272197,-5.79811,
4.13957,-1.64976,-0.877311,1.0852,-0.27635,-5.73473,
4.12776,-1.649,-0.882449,0.961809,-0.279902,-5.66913,
4.11526,-1.6483,-0.887276,0.841615,-0.282948,-5.60205,
4.10213,-1.64764,-0.891797,0.723969,-0.28537,-5.53316,
4.08839,-1.64703,-0.896012,0.608823,-0.287274,-5.46259,
4.07404,-1.64646,-0.899921,0.496172,-0.288884,-5.39056,
4.05908,-1.64592,-0.90355,0.386132,-0.290249,-5.31735,
4.04351,-1.64541,-0.906904,0.278795,-0.29143,-5.24322,
4.02742,-1.64493,-0.909989,0.174255,-0.292416,-5.16837,
4.01091,-1.64438,-0.912831,0.0725418,-0.293251,-5.09299,
3.99403,-1.64367,-0.915484,-0.0263104,-0.293989,-5.01734,
3.98013,-1.64347,-0.915395,-0.116432,-0.29518,-4.94159,
3.96634,-1.64348,-0.915485,-0.20295,-0.296705,-4.86685,
3.94866,-1.64348,-0.917395,-0.287761,-0.297626,-4.79701,
3.93068,-1.6435,-0.919162,-0.367834,-0.298925,-4.73031,
3.91272,-1.64358,-0.920609,-0.442649,-0.299984,-4.66701,
3.8949,-1.64372,-0.921624,-0.511994,-0.30097,-4.60758,
3.87739,-1.64393,-0.92216,-0.575587,-0.301306,-4.55236,
3.86013,-1.64421,-0.922362,-0.634062,-0.301084,-4.50122,
3.84316,-1.64454,-0.922195,-0.687619,-0.300304,-4.4542,
3.82665,-1.64492,-0.921585,-0.736304,-0.298928,-4.41124,
3.81069,-1.64535,-0.920521,-0.780221,-0.296751,-4.37231,
3.79533,-1.64583,-0.919068,-0.819651,-0.29402,-4.33734,
3.78062,-1.64633,-0.917261,-0.854843,-0.290986,-4.30628,
3.76661,-1.64684,-0.915116,-0.886,-0.287751,-4.27906,
3.75333,-1.64735,-0.912696,-0.913314,-0.284359,-4.25556,
3.74075,-1.64784,-0.910006,-0.936937,-0.280918,-4.23578,
3.72891,-1.64835,-0.907034,-0.956993,-0.27753,-4.21961,
3.71779,-1.64889,-0.903799,-0.97384,-0.274252,-4.20667,
3.7074,-1.64944,-0.900354,-0.987652,-0.271081,-4.19681,
3.69771,-1.65001,-0.896688,-0.998544,-0.26807,-4.18993,
3.68875,-1.65057,-0.892865,-1.00668,-0.265276,-4.18587,
3.68054,-1.65111,-0.888923,-1.01214,-0.262613,-4.18451,
3.67306,-1.65162,-0.884922,-1.01509,-0.260079,-4.18565,
3.66631,-1.65206,-0.880874,-1.0157,-0.257663,-4.18911,
3.66028,-1.65245,-0.87684,-1.01405,-0.255406,-4.19481,
3.65493,-1.65277,-0.872788,-1.01019,-0.253366,-4.2027,
3.65027,-1.65303,-0.868788,-1.00432,-0.251565,-4.21254,
3.64627,-1.65324,-0.864757,-0.99647,-0.250031,-4.22422,
3.64291,-1.6534,-0.860768,-0.986794,-0.248805,-4.23759,
3.64017,-1.65353,-0.856859,-0.975412,-0.24788,-4.25252,
3.63804,-1.65367,-0.852942,-0.961771,-0.247217,-4.26961,
3.63652,-1.65385,-0.849041,-0.945796,-0.246782,-4.28889,
3.63562,-1.65405,-0.845202,-0.927543,-0.246506,-4.31022,
3.63553,-1.65432,-0.841664,-0.907565,-0.246214,-4.33273,
3.63609,-1.65463,-0.838227,-0.885376,-0.245878,-4.357,
3.6373,-1.65497,-0.834894,-0.860905,-0.245485,-4.38306,
3.63913,-1.65534,-0.831666,-0.834069,-0.245048,-4.41099,
3.64137,-1.65568,-0.828733,-0.805026,-0.244523,-4.44096,
3.64414,-1.65603,-0.825963,-0.773553,-0.243947,-4.47289,
3.64748,-1.6564,-0.823309,-0.739524,-0.243342,-4.50671,
3.65141,-1.6568,-0.820764,-0.702864,-0.242718,-4.54242,
3.65591,-1.65723,-0.818328,-0.663517,-0.24209,-4.57997,
3.66096,-1.65768,-0.81599,-0.621415,-0.241458,-4.61935,
3.66657,-1.65817,-0.813745,-0.5765,-0.240822,-4.66049,
3.67269,-1.65876,-0.811582,-0.528716,-0.240192,-4.70335,
3.67931,-1.65941,-0.809487,-0.478008,-0.239573,-4.74786,
3.68641,-1.66008,-0.807435,-0.424328,-0.23898,-4.79395,
3.69382,-1.66071,-0.805242,-0.367638,-0.238428,-4.84154,
3.7016,-1.66131,-0.802997,-0.307982,-0.237921,-4.89044,
3.70984,-1.66194,-0.800807,-0.245382,-0.237458,-4.9405,
3.71854,-1.66258,-0.798683,-0.179857,-0.237059,-4.99158,
3.72769,-1.66323,-0.796647,-0.111448,-0.236714,-5.04354,
3.73727,-1.66385,-0.794717,-0.0401978,-0.236438,-5.09626,
3.74728,-1.66445,-0.792906,0.0338447,-0.236224,-5.14958,
3.7577,-1.66505,-0.791228,0.110617,-0.236084,-5.20335,
3.76852,-1.66562,-0.789696,0.190041,-0.236019,-5.25744,
3.77971,-1.66618,-0.788322,0.272039,-0.23604,-5.3117,
3.79126,-1.66671,-0.787116,0.3565,-0.236175,-5.36598,
3.80315,-1.66721,-0.786075,0.443311,-0.236425,-5.42011,
3.81535,-1.6677,-0.785218,0.53237,-0.236818,-5.474,
3.82783,-1.66818,-0.78453,0.62349,-0.237358,-5.52742,
3.84056,-1.66864,-0.783973,0.716494,-0.238044,-5.58018,
3.8535,-1.66908,-0.783534,0.81121,-0.238868,-5.63214,
3.86661,-1.6695,-0.783218,0.907489,-0.239834,-5.68318,
3.87986,-1.66993,-0.783011,1.00514,-0.240934,-5.73316,
3.89324,-1.67033,-0.782898,1.10396,-0.242158,-5.78192,
3.90671,-1.67073,-0.782867,1.20372,-0.243492,-5.82934,
3.92024,-1.67112,-0.782897,1.30417,-0.244917,-5.87526,
3.9338,-1.67151,-0.782976,1.40502,-0.246407,-5.91955,
3.94737,-1.67189,-0.783085,1.506,-0.247944,-5.96209,
3.96091,-1.67228,-0.783206,1.60686,-0.249504,-6.0028,
3.97443,-1.67267,-0.78334,1.70734,-0.251069,-6.04161,
3.98785,-1.67306,-0.783494,1.80688,-0.252626,-6.07837,
4.00116,-1.67346,-0.783662,1.90513,-0.254166,-6.11304,
4.0143,-1.67385,-0.783842,2.00179,-0.255667,-6.14561,
4.02722,-1.67425,-0.783984,2.09653,-0.257075,-6.17602,
4.03989,-1.67466,-0.784033,2.18885,-0.258372,-6.20416,
4.05226,-1.67507,-0.783966,2.2785,-0.259545,-6.23007,
4.06433,-1.67549,-0.783771,2.36518,-0.260628,-6.25379,
4.07605,-1.6759,-0.783424,2.44855,-0.261559,-6.27532,
4.0874,-1.67629,-0.782909,2.52832,-0.262331,-6.29471,
4.09837,-1.67667,-0.782216,2.60417,-0.262892,-6.31201,
4.10895,-1.67702,-0.781337,2.67582,-0.26326,-6.32728,
4.11909,-1.67737,-0.780249,2.74303,-0.263474,-6.34059,
4.12877,-1.67771,-0.778932,2.8056,-0.263528,-6.35202,
4.13781,-1.67799,-0.777747,2.86138,-0.262997,-6.36152,
4.14628,-1.67823,-0.77654,2.91101,-0.261491,-6.36912,
4.15421,-1.67845,-0.775296,2.95461,-0.259096,-6.37497,
4.16157,-1.67863,-0.773994,2.99227,-0.255878,-6.37921,
4.16834,-1.67876,-0.772705,3.0236,-0.251797,-6.38193,
4.17694,-1.67828,-0.77398,3.02456,-0.246962,-6.38053,
4.18507,-1.67757,-0.775823,3.009,-0.241883,-6.37633,
4.19258,-1.67669,-0.778207,2.97837,-0.237468,-6.36966,
4.19939,-1.67568,-0.781103,2.9334,-0.233559,-6.36031,
4.20536,-1.67452,-0.784474,2.87483,-0.230498,-6.34815,
4.21045,-1.67329,-0.788307,2.80349,-0.228531,-6.33296,
4.21459,-1.67199,-0.792587,2.72029,-0.227767,-6.31448,
4.21777,-1.67063,-0.797334,2.62621,-0.228124,-6.29243,
4.21984,-1.66929,-0.802521,2.52248,-0.229366,-6.26655,
4.22057,-1.66807,-0.808184,2.41117,-0.231009,-6.2369,
4.21933,-1.66673,-0.814104,2.29595,-0.233592,-6.20453,
4.21626,-1.6652,-0.820221,2.17773,-0.237529,-6.16963,
4.21193,-1.66368,-0.826525,2.05564,-0.242009,-6.13117,
4.20633,-1.6622,-0.83293,1.93084,-0.246932,-6.08928,
4.19949,-1.66077,-0.839446,1.80396,-0.252228,-6.04401,
4.19148,-1.65942,-0.846068,1.67577,-0.257558,-5.99544,
4.18238,-1.6581,-0.852743,1.54677,-0.262731,-5.94357,
4.17228,-1.65685,-0.859461,1.4176,-0.26768,-5.88857,
4.16135,-1.65567,-0.866092,1.2893,-0.272266,-5.83072,
4.1501,-1.65467,-0.872082,1.16257,-0.276311,-5.76951,
4.13857,-1.65384,-0.877405,1.03826,-0.279837,-5.70547,
4.1264,-1.65308,-0.882368,0.917096,-0.282863,-5.63977,
4.1136,-1.65237,-0.887012,0.798742,-0.285298,-5.5724,
4.10017,-1.6517,-0.891336,0.682905,-0.287146,-5.50331,
4.08616,-1.65107,-0.895353,0.569581,-0.288605,-5.43269,
4.07151,-1.65047,-0.899073,0.458797,-0.289768,-5.36077,
4.05625,-1.6499,-0.902499,0.350682,-0.290693,-5.28785,
4.04046,-1.64936,-0.905656,0.245332,-0.291416,-5.21414,
4.02421,-1.64878,-0.908556,0.142805,-0.291974,-5.13984,
4.00756,-1.64808,-0.911255,0.0431074,-0.292421,-5.0652,
3.99059,-1.64724,-0.91386,-0.0536697,-0.292862,-4.99057,
3.97668,-1.64698,-0.913873,-0.141583,-0.293796,-4.91622,
3.96304,-1.64698,-0.91382,-0.224993,-0.295121,-4.84356,
3.94558,-1.64692,-0.915448,-0.30709,-0.296071,-4.7755,
3.92775,-1.6469,-0.916925,-0.384576,-0.297347,-4.71068,
3.90993,-1.64696,-0.918093,-0.456955,-0.298468,-4.64929,
3.89226,-1.6471,-0.91888,-0.524108,-0.299548,-4.59173,
3.87484,-1.64732,-0.919242,-0.585755,-0.300038,-4.53834,
3.85767,-1.64761,-0.919256,-0.642363,-0.299982,-4.48907,
3.84079,-1.64798,-0.918921,-0.694152,-0.299368,-4.44391,
3.82433,-1.6484,-0.918178,-0.741236,-0.298157,-4.40278,
3.8084,-1.64889,-0.916999,-0.783681,-0.296164,-4.36562,
3.79308,-1.64942,-0.915427,-0.821685,-0.293509,-4.33236,
3.77842,-1.64999,-0.913518,-0.855532,-0.290504,-4.30295,
3.76444,-1.65056,-0.911268,-0.885408,-0.287231,-4.27731,
3.75117,-1.65113,-0.908722,-0.911502,-0.283812,-4.25535,
3.73863,-1.6517,-0.905908,-0.933974,-0.280385,-4.23701,
3.72684,-1.65226,-0.902876,-0.952941,-0.277032,-4.22227,
3.71576,-1.65284,-0.899617,-0.96875,-0.27367,-4.2107,
3.70542,-1.65342,-0.896132,-0.981555,-0.270305,-4.20208,
3.69579,-1.65397,-0.892444,-0.991485,-0.267043,-4.19637,
3.68688,-1.65453,-0.888613,-0.998707,-0.263985,-4.19341,
3.6787,-1.65505,-0.884683,-1.00333,-0.261081,-4.19307,
3.67125,-1.65553,-0.880684,-1.00551,-0.258299,-4.19515,
3.66452,-1.65594,-0.876664,-1.0054,-0.255641,-4.19946,
3.65849,-1.65629,-0.87262,-1.00304,-0.253158,-4.206,
3.65316,-1.65657,-0.868629,-0.998548,-0.250882,-4.21462,
3.6485,-1.65678,-0.864642,-0.992029,-0.248845,-4.22518,
3.6445,-1.65693,-0.860649,-0.983589,-0.247063,-4.23749,
3.64114,-1.65703,-0.856712,-0.973356,-0.245573,-4.25145,
3.63839,-1.6571,-0.852848,-0.961438,-0.244389,-4.26691,
3.63625,-1.65711,-0.849074,-0.94797,-0.243526,-4.28371,
3.63468,-1.6571,-0.845404,-0.933026,-0.242974,-4.30175,
3.63367,-1.65704,-0.841845,-0.916693,-0.242739,-4.32091,
3.6332,-1.65695,-0.838434,-0.899104,-0.242813,-4.34107,
3.63333,-1.65687,-0.835306,-0.880739,-0.243126,-4.36156,
3.63406,-1.6568,-0.832476,-0.86176,-0.243551,-4.38217,
3.63524,-1.65673,-0.829854,-0.842047,-0.244125,-4.40315,
3.63686,-1.65664,-0.827433,-0.821616,-0.2449,-4.42452,
3.6389,-1.65654,-0.825202,-0.800513,-0.245892,-4.44621,
3.6432,-1.65667,-0.822509,-0.777411,-0.247506,-4.46701,
3.64807,-1.65687,-0.81986,-0.7538,-0.249453,-4.48766,
3.65337,-1.65712,-0.8173,-0.729828,-0.251725,-4.50816,
3.659,-1.65748,-0.814832,-0.705572,-0.254285,-4.52853,
3.66492,-1.65793,-0.812442,-0.681085,-0.257089,-4.54874,
3.67109,-1.65842,-0.810147,-0.656418,-0.2601,-4.56879,
3.67759,-1.65894,-0.807925,-0.631558,-0.263248,-4.58857,
3.6844,-1.65949,-0.805736,-0.606549,-0.266513,-4.60802,
3.69147,-1.66006,-0.803565,-0.581463,-0.2699,-4.62711,
3.69703,-1.66045,-0.802319,-0.557539,-0.273029,-4.64728,
3.70399,-1.661,-0.800321,-0.532578,-0.276548,-4.66616,
3.71104,-1.66156,-0.798181,-0.507626,-0.280157,-4.68464,
3.71686,-1.66205,-0.79692,-0.483703,-0.283446,-4.70393,
3.72386,-1.66261,-0.795006,-0.459268,-0.287309,-4.72183,
3.73094,-1.6632,-0.793056,-0.435116,-0.291341,-4.73919,
3.73673,-1.66378,-0.791848,-0.412172,-0.29515,-4.75713,
3.74355,-1.66435,-0.79012,-0.388907,-0.299413,-4.7738,
3.75033,-1.66496,-0.788385,-0.366188,-0.304119,-4.78993,
3.75597,-1.66542,-0.787655,-0.346328,-0.3089,-4.80524,
3.7613,-1.6658,-0.787142,-0.32763,-0.313676,-4.81981,
3.7664,-1.66613,-0.786788,-0.309861,-0.318481,-4.83376,
3.77127,-1.6664,-0.786558,-0.293001,-0.323433,-4.84712,
3.77576,-1.66662,-0.786564,-0.277287,-0.32844,-4.8599,
3.77998,-1.6668,-0.786744,-0.262552,-0.333432,-4.87209,
3.78386,-1.66694,-0.787089,-0.249019,-0.338313,-4.88351,
3.78747,-1.66704,-0.787568,-0.236542,-0.343164,-4.89423,
3.79082,-1.66712,-0.788173,-0.225108,-0.347971,-4.90426,
3.79393,-1.66719,-0.788894,-0.21468,-0.352701,-4.9136,
3.79678,-1.66725,-0.789733,-0.205212,-0.357269,-4.92229,
3.79938,-1.66729,-0.790682,-0.196719,-0.361693,-4.93032,
3.80173,-1.66732,-0.791738,-0.189178,-0.366054,-4.93774,
3.80384,-1.66736,-0.79289,-0.182703,-0.370345,-4.94442,
3.80572,-1.6674,-0.794126,-0.177271,-0.374544,-4.95037,
3.80736,-1.66744,-0.795437,-0.172858,-0.378616,-4.95558,
3.80878,-1.66749,-0.796816,-0.16941,-0.382542,-4.9601,
3.80998,-1.66755,-0.798255,-0.166883,-0.38632,-4.96395,
3.81098,-1.66761,-0.799739,-0.165237,-0.389935,-4.96715,
3.81177,-1.66769,-0.801257,-0.164445,-0.393386,-4.96969,
3.81239,-1.66778,-0.802796,-0.164455,-0.396656,-4.97161,
3.81282,-1.66788,-0.804339,-0.165231,-0.399742,-4.9729,
3.81309,-1.668,-0.805878,-0.166718,-0.402635,-4.97361,
3.81321,-1.66813,-0.807416,-0.168878,-0.405331,-4.97375,
3.81318,-1.66827,-0.808955,-0.171677,-0.407837,-4.97335,
3.81301,-1.66842,-0.810496,-0.175069,-0.410152,-4.97246,
3.81272,-1.66857,-0.812041,-0.17901,-0.412279,-4.9711,
3.81231,-1.66872,-0.813573,-0.183466,-0.414224,-4.96929,
3.8118,-1.66887,-0.815089,-0.188386,-0.415988,-4.96705,
3.81118,-1.66901,-0.816574,-0.193701,-0.417581,-4.96445,
3.81047,-1.66915,-0.818021,-0.199383,-0.419005,-4.96148,
3.80965,-1.66929,-0.819435,-0.205412,-0.420271,-4.95818,
3.80792,-1.66933,-0.82115,-0.21225,-0.421261,-4.95523,
3.80598,-1.66935,-0.822864,-0.219274,-0.422131,-4.95225,
3.80465,-1.66946,-0.824271,-0.226006,-0.422989,-4.9486,
3.80257,-1.66949,-0.82593,-0.233327,-0.423646,-4.94533,
3.80028,-1.66949,-0.82763,-0.240719,-0.424224,-4.9422,
3.79877,-1.6696,-0.828916,-0.247524,-0.424818,-4.93842,
3.79642,-1.66962,-0.830568,-0.254844,-0.425134,-4.93526,
3.79483,-1.66972,-0.831777,-0.261465,-0.425476,-4.93157,
3.79242,-1.66971,-0.833363,-0.268557,-0.42554,-4.92854,
3.7907,-1.66979,-0.83453,-0.274992,-0.425675,-4.92505,
3.78829,-1.66975,-0.836019,-0.281677,-0.425581,-4.92227,
3.78662,-1.6698,-0.837028,-0.287541,-0.42558,-4.91907,
3.78426,-1.66973,-0.838412,-0.293743,-0.425404,-4.91659,
3.78263,-1.66973,-0.839339,-0.299134,-0.425312,-4.91372,
3.78034,-1.66962,-0.840629,-0.304834,-0.42506,-4.91155,
3.77878,-1.66959,-0.841475,-0.309734,-0.424889,-4.909,
3.7773,-1.66955,-0.842239,-0.314382,-0.424732,-4.90654,
3.77524,-1.66939,-0.843354,-0.319314,-0.424415,-4.90471,
3.77389,-1.6693,-0.844027,-0.323286,-0.424134,-4.90269,
3.772,-1.66911,-0.845025,-0.327289,-0.423704,-4.90147,
3.77087,-1.66899,-0.845558,-0.330285,-0.423308,-4.90004,
3.76923,-1.66876,-0.846407,-0.333377,-0.422785,-4.89933,
3.76826,-1.6686,-0.846869,-0.335598,-0.42231,-4.89842,
3.76677,-1.66834,-0.847648,-0.337971,-0.421682,-4.89819,
3.76596,-1.66813,-0.848026,-0.339473,-0.421113,-4.89776,
3.76531,-1.66793,-0.848311,-0.340608,-0.420543,-4.89745,
3.7641,-1.66763,-0.84892,-0.341944,-0.419835,-4.8978,
3.76352,-1.66739,-0.849191,-0.342591,-0.419264,-4.8979,
3.76315,-1.66715,-0.849331,-0.342861,-0.418713,-4.89805,
3.7622,-1.66684,-0.849801,-0.3435,-0.418159,-4.89875,
3.76183,-1.66657,-0.849982,-0.34361,-0.417703,-4.89914,
3.76156,-1.66631,-0.850104,-0.343604,-0.417356,-4.89951,
3.76144,-1.66607,-0.850132,-0.343322,-0.416995,-4.89991,
3.76073,-1.66574,-0.850496,-0.343496,-0.416588,-4.9008,
3.76061,-1.66549,-0.85055,-0.343057,-0.416286,-4.9014,
3.76058,-1.66525,-0.850544,-0.342573,-0.416081,-4.90193,
3.7606,-1.66501,-0.85052,-0.34208,-0.415941,-4.90242,
3.76066,-1.66479,-0.850435,-0.341363,-0.415832,-4.90303,
3.76017,-1.66449,-0.850661,-0.341102,-0.415638,-4.90405,
3.76019,-1.66427,-0.850608,-0.340446,-0.415541,-4.90468,
3.76029,-1.66407,-0.85051,-0.339801,-0.415506,-4.90518,
3.76038,-1.66388,-0.850404,-0.339148,-0.415535,-4.90571,
3.76048,-1.6637,-0.850297,-0.338584,-0.415611,-4.90615,
3.7606,-1.66353,-0.850178,-0.338066,-0.415693,-4.90652,
3.76021,-1.66327,-0.850346,-0.337964,-0.415655,-4.90725,
3.76028,-1.66309,-0.850271,-0.337568,-0.415692,-4.90757,
3.76037,-1.66292,-0.850181,-0.337211,-0.415764,-4.90782,
3.76048,-1.66276,-0.850061,-0.336839,-0.415861,-4.90804,
3.7606,-1.66261,-0.849935,-0.336516,-0.415973,-4.9082,
3.76024,-1.66239,-0.850063,-0.336579,-0.415957,-4.9087,
3.76031,-1.66223,-0.849968,-0.336364,-0.416013,-4.90881,
3.76039,-1.66208,-0.84986,-0.336185,-0.41609,-4.90888,
3.76051,-1.66195,-0.849705,-0.335872,-0.416189,-4.90898,
3.76067,-1.66181,-0.849542,-0.335618,-0.416299,-4.90899,
3.7603,-1.66162,-0.849648,-0.335776,-0.416299,-4.90937,
3.76036,-1.66149,-0.849534,-0.335608,-0.416362,-4.90943,
3.76047,-1.66137,-0.849381,-0.335444,-0.416432,-4.90938,
3.76055,-1.66125,-0.849255,-0.335428,-0.416479,-4.90925,
3.76061,-1.66113,-0.849125,-0.335499,-0.416482,-4.90902,
3.76024,-1.66097,-0.849215,-0.335875,-0.416371,-4.90912,
3.76024,-1.66085,-0.84912,-0.336072,-0.416303,-4.90884,
3.76032,-1.66076,-0.848967,-0.336151,-0.416266,-4.90854,
3.76035,-1.66066,-0.84885,-0.336394,-0.416214,-4.90817,
3.76036,-1.66056,-0.848731,-0.336715,-0.416123,-4.90771,
3.76,-1.66042,-0.848813,-0.337243,-0.415958,-4.90762,
3.75998,-1.66033,-0.848717,-0.337584,-0.415846,-4.90719,
3.76001,-1.66024,-0.848589,-0.33791,-0.415738,-4.9067,
3.76002,-1.66017,-0.848467,-0.338273,-0.415647,-4.9062,
3.76004,-1.66009,-0.84834,-0.338654,-0.415544,-4.90565,
3.75968,-1.65997,-0.848429,-0.339289,-0.415353,-4.90544,
3.75965,-1.6599,-0.848341,-0.339694,-0.415232,-4.90497,
3.75967,-1.65984,-0.848214,-0.34004,-0.415151,-4.90446,
3.75967,-1.65977,-0.848098,-0.340514,-0.415082,-4.90386,
3.75954,-1.65969,-0.848064,-0.341047,-0.415006,-4.90343,
3.75954,-1.65964,-0.847954,-0.341473,-0.414957,-4.90289,
3.7594,-1.65956,-0.847913,-0.341967,-0.414914,-4.90249,
3.75942,-1.65952,-0.847789,-0.342335,-0.414939,-4.902,
3.75946,-1.65948,-0.847653,-0.342702,-0.414988,-4.90148,
3.75912,-1.6594,-0.847735,-0.343372,-0.414972,-4.90125,
3.75912,-1.65936,-0.847631,-0.343715,-0.415026,-4.90082,
3.75915,-1.65933,-0.84751,-0.34411,-0.415113,-4.90031,
3.75921,-1.65931,-0.847374,-0.344482,-0.415226,-4.89978,
3.75922,-1.65928,-0.847268,-0.344988,-0.415329,-4.89918,
3.75911,-1.65924,-0.847229,-0.345501,-0.415421,-4.89878,
3.75912,-1.65923,-0.847131,-0.345948,-0.415536,-4.89826,
3.75916,-1.65922,-0.847009,-0.346335,-0.415662,-4.89775,
3.75889,-1.65917,-0.847065,-0.346944,-0.415719,-4.89749,
3.75888,-1.65916,-0.846991,-0.347367,-0.415825,-4.89703,
3.75893,-1.65916,-0.846877,-0.347689,-0.41596,-4.89659,
3.75897,-1.65915,-0.846773,-0.348056,-0.416093,-4.89611,
3.75904,-1.65916,-0.846655,-0.348365,-0.416239,-4.89565,
3.75877,-1.65912,-0.846729,-0.348936,-0.416308,-4.89545,
3.7588,-1.65912,-0.846652,-0.349238,-0.416431,-4.89508,
3.75885,-1.65913,-0.846563,-0.349559,-0.41656,-4.89465,
3.75889,-1.65913,-0.846479,-0.34988,-0.416684,-4.89423,
3.75896,-1.65914,-0.846382,-0.350159,-0.416821,-4.89382,
3.75902,-1.65915,-0.846292,-0.350453,-0.416948,-4.89341,
3.7588,-1.65914,-0.846362,-0.350918,-0.417029,-4.89326,
3.75883,-1.65914,-0.846309,-0.351194,-0.417141,-4.89293,
3.75888,-1.65915,-0.84624,-0.351476,-0.417255,-4.89255,
3.75893,-1.65917,-0.84617,-0.351739,-0.417381,-4.8922,
3.75899,-1.65918,-0.846101,-0.351996,-0.4175,-4.89184,
3.75881,-1.65917,-0.846168,-0.352396,-0.41757,-4.89171,
3.75883,-1.65918,-0.846135,-0.352652,-0.417677,-4.89143,
3.7589,-1.6592,-0.846078,-0.352854,-0.417805,-4.89113,
3.75896,-1.65922,-0.846026,-0.353065,-0.417933,-4.89084,
3.75901,-1.65923,-0.845981,-0.353297,-0.418063,-4.89054,
3.75896,-1.65924,-0.845991,-0.353547,-0.418176,-4.89038,
3.75902,-1.65926,-0.845952,-0.353747,-0.418297,-4.89011,
3.75908,-1.65928,-0.84591,-0.353928,-0.418431,-4.88985,
3.75889,-1.65927,-0.846005,-0.354284,-0.4185,-4.8898,
3.75894,-1.65928,-0.84599,-0.354474,-0.418607,-4.88957,
3.75898,-1.6593,-0.845973,-0.354691,-0.418723,-4.88933,
3.75904,-1.65932,-0.845942,-0.354837,-0.418848,-4.88911,
3.7591,-1.65934,-0.845918,-0.355022,-0.418973,-4.88887,
3.75895,-1.65933,-0.84601,-0.355313,-0.41905,-4.88885,
3.75898,-1.65935,-0.846015,-0.355487,-0.419162,-4.88868,
3.75902,-1.65936,-0.846007,-0.355643,-0.419276,-4.88849,
3.75908,-1.65938,-0.845994,-0.355771,-0.419403,-4.88833,
3.75913,-1.6594,-0.845984,-0.355908,-0.419527,-4.88816,
3.75919,-1.65942,-0.84597,-0.356024,-0.419661,-4.888,
3.75903,-1.65942,-0.846079,-0.356302,-0.419735,-4.88801,
3.75907,-1.65943,-0.846095,-0.35645,-0.419839,-4.88787,
3.75912,-1.65944,-0.84609,-0.356565,-0.419956,-4.88772,
3.75917,-1.65946,-0.846094,-0.356708,-0.420069,-4.88756,
3.75923,-1.65948,-0.84609,-0.356822,-0.420187,-4.88741,
3.75907,-1.65947,-0.846216,-0.357117,-0.420255,-4.88743,
3.75908,-1.65948,-0.846249,-0.357287,-0.420343,-4.8873,
3.75913,-1.65949,-0.846258,-0.357406,-0.420443,-4.88716,
3.75916,-1.65951,-0.846275,-0.357543,-0.420553,-4.88703,
3.75921,-1.65952,-0.846288,-0.357668,-0.420655,-4.8869,
3.75926,-1.65954,-0.846292,-0.357743,-0.420769,-4.8868,
3.75911,-1.65953,-0.846406,-0.357983,-0.420836,-4.88684,
3.75914,-1.65954,-0.846434,-0.35811,-0.420926,-4.88674,
3.75918,-1.65955,-0.84645,-0.358193,-0.421032,-4.88666,
3.75922,-1.65956,-0.846466,-0.358291,-0.421139,-4.88657,
3.75926,-1.65958,-0.846478,-0.35836,-0.421255,-4.8865,
3.75912,-1.65957,-0.846591,-0.358579,-0.421323,-4.88656,
3.75914,-1.65957,-0.846623,-0.358687,-0.421412,-4.88648,
3.75917,-1.65958,-0.846642,-0.358752,-0.421516,-4.88643,
3.75921,-1.65959,-0.846662,-0.358839,-0.421619,-4.88635,
3.75924,-1.6596,-0.84668,-0.358927,-0.421716,-4.88627,
3.75928,-1.65962,-0.846694,-0.358993,-0.421824,-4.88621,
3.75924,-1.65961,-0.846756,-0.359119,-0.42191,-4.88622,
3.75928,-1.65962,-0.846768,-0.359169,-0.422013,-4.88616,
3.75931,-1.65963,-0.84679,-0.359257,-0.422116,-4.88609,
3.75917,-1.65962,-0.846896,-0.35945,-0.42217,-4.88616,
3.75919,-1.65963,-0.846927,-0.359514,-0.42226,-4.88614,
3.75921,-1.65963,-0.846949,-0.359574,-0.422357,-4.8861,
3.75924,-1.65964,-0.846966,-0.359642,-0.422448,-4.88604,
3.75927,-1.65965,-0.846983,-0.359704,-0.422547,-4.88599,
3.75929,-1.65965,-0.847004,-0.359797,-0.422629,-4.88592,
3.75933,-1.65966,-0.847011,-0.359858,-0.422719,-4.88585,
3.7592,-1.65965,-0.847112,-0.360058,-0.42277,-4.8859,
3.75921,-1.65965,-0.84714,-0.360144,-0.422842,-4.88585,
3.75924,-1.65965,-0.847155,-0.360204,-0.422926,-4.88581,
3.75926,-1.65966,-0.847172,-0.360284,-0.423008,-4.88574,
3.75929,-1.65967,-0.84718,-0.360335,-0.423096,-4.88569,
3.75931,-1.65967,-0.847195,-0.360414,-0.423181,-4.88563,
3.75934,-1.65968,-0.847206,-0.360483,-0.423262,-4.88557,
3.75923,-1.65966,-0.84729,-0.360639,-0.423317,-4.88563,
3.75924,-1.65966,-0.847307,-0.360696,-0.423389,-4.8856,
3.75925,-1.65966,-0.847323,-0.360771,-0.423463,-4.88554,
3.75928,-1.65967,-0.847329,-0.360818,-0.423542,-4.8855,
3.7593,-1.65967,-0.847335,-0.360884,-0.423615,-4.88543,
3.75933,-1.65967,-0.84734,-0.360941,-0.423692,-4.88538,
3.75935,-1.65968,-0.84734,-0.360992,-0.42377,-4.88532,
3.75924,-1.65966,-0.847417,-0.361155,-0.423816,-4.88537,
3.75925,-1.65966,-0.847425,-0.361193,-0.423885,-4.88534,
3.75927,-1.65966,-0.847428,-0.361243,-0.423958,-4.88529,
3.75929,-1.65967,-0.847434,-0.361316,-0.424029,-4.88523,
3.75931,-1.65967,-0.84743,-0.361354,-0.424105,-4.88519,
3.75934,-1.65967,-0.847427,-0.361411,-0.424177,-4.88513,
3.75936,-1.65967,-0.847422,-0.361467,-0.424244,-4.88506,
3.75939,-1.65967,-0.847414,-0.361515,-0.424317,-4.885,
3.75941,-1.65967,-0.847408,-0.361581,-0.424385,-4.88492,
3.75931,-1.65966,-0.847462,-0.361718,-0.424425,-4.88495,
3.75932,-1.65966,-0.847465,-0.361788,-0.424481,-4.88489,
