5.79742,4.29861,-2.16931,1.0468,3.0657,-4.42131,
5.79523,4.29801,-2.16878,1.04749,3.06495,-4.42679,
5.79306,4.2972,-2.16859,1.04871,3.06597,-4.4347,
5.79052,4.2963,-2.16838,1.05066,3.06737,-4.44509,
5.78766,4.29532,-2.16811,1.0535,3.06891,-4.45803,
5.78453,4.29427,-2.16776,1.05745,3.07052,-4.47367,
5.78119,4.29317,-2.16734,1.06265,3.07216,-4.4921,
5.7777,4.29203,-2.16682,1.06925,3.0738,-4.51339,
5.77411,4.29088,-2.1662,1.07733,3.07559,-4.53755,
5.77049,4.28971,-2.16547,1.08699,3.07761,-4.56455,
5.76687,4.28855,-2.16464,1.09826,3.07992,-4.59431,
5.76329,4.28739,-2.16371,1.11121,3.08253,-4.62673,
5.75978,4.28625,-2.1627,1.12587,3.08547,-4.6617,
5.75635,4.28513,-2.16161,1.14228,3.08876,-4.69914,
5.75303,4.28402,-2.16046,1.16048,3.09239,-4.73893,
5.74984,4.28294,-2.15925,1.18049,3.09637,-4.78092,
5.74679,4.28186,-2.158,1.20232,3.10071,-4.82496,
5.7439,4.2808,-2.15673,1.22596,3.10538,-4.87089,
5.74117,4.27973,-2.15545,1.25141,3.1104,-4.91854,
5.73862,4.27866,-2.15418,1.27864,3.11574,-4.96775,
5.73626,4.27758,-2.15292,1.30762,3.12139,-5.0183,
5.73409,4.2765,-2.1517,1.33831,3.12733,-5.07001,
5.73211,4.27541,-2.15052,1.37063,3.13353,-5.12266,
5.73034,4.27431,-2.1494,1.40453,3.14,-5.17607,
5.72877,4.2732,-2.14835,1.43991,3.1467,-5.23003,
5.72738,4.27207,-2.14737,1.47669,3.15359,-5.28434,
5.72619,4.27092,-2.14648,1.51477,3.16057,-5.33882,
5.72519,4.26975,-2.1457,1.55406,3.16751,-5.39327,
5.72438,4.26857,-2.14502,1.59447,3.17444,-5.44754,
5.72377,4.26737,-2.14445,1.63582,3.18147,-5.50145,
5.72334,4.26614,-2.14398,1.67795,3.1887,-5.55485,
5.72309,4.26489,-2.14363,1.72075,3.19609,-5.60758,
5.72301,4.26361,-2.1434,1.76407,3.20345,-5.65949,
5.72309,4.26229,-2.14331,1.80771,3.21087,-5.71042,
5.72333,4.26096,-2.14335,1.85147,3.21849,-5.76025,
5.72372,4.2596,-2.14354,1.89514,3.22633,-5.80882,
5.72425,4.2582,-2.14387,1.9385,3.2344,-5.856,
5.7249,4.25678,-2.14434,1.98138,3.24268,-5.90169,
5.72567,4.25533,-2.14496,2.0236,3.25114,-5.94578,
5.72654,4.25386,-2.1457,2.06497,3.25973,-5.98817,
5.7275,4.25237,-2.14658,2.10536,3.2684,-6.02883,
5.72855,4.25086,-2.14758,2.1447,3.27711,-6.06776,
5.72966,4.24932,-2.1487,2.18285,3.28583,-6.10494,
5.73083,4.24776,-2.14996,2.21967,3.29454,-6.14034,
5.73206,4.24617,-2.15133,2.25505,3.30323,-6.17393,
5.73332,4.24456,-2.15283,2.28882,3.31188,-6.20567,
5.7346,4.24294,-2.15444,2.32087,3.32048,-6.23556,
5.73588,4.2413,-2.15614,2.35111,3.329,-6.26358,
5.73715,4.23964,-2.15791,2.37946,3.33748,-6.28974,
5.73838,4.23795,-2.15973,2.40587,3.34591,-6.31408,
5.73957,4.23625,-2.16162,2.43029,3.35429,-6.33665,
5.74073,4.23454,-2.16361,2.45269,3.36263,-6.35748,
5.74184,4.23282,-2.16569,2.47305,3.37091,-6.37665,
5.7429,4.23111,-2.16788,2.49138,3.37914,-6.3942,
5.7439,4.2294,-2.17017,2.5077,3.3873,-6.4102,
5.74482,4.2277,-2.17255,2.52202,3.39538,-6.42471,
5.74565,4.226,-2.17504,2.5344,3.40339,-6.4378,
5.74639,4.22432,-2.17762,2.54487,3.4113,-6.44953,
5.74703,4.22265,-2.18029,2.55349,3.41912,-6.45997,
5.74755,4.221,-2.18306,2.56033,3.42682,-6.46919,
5.74794,4.21937,-2.18591,2.56547,3.43442,-6.47727,
5.74821,4.21776,-2.18885,2.56898,3.44191,-6.48426,
5.74833,4.21616,-2.19187,2.57094,3.44928,-6.49025,
5.74831,4.21459,-2.19497,2.57144,3.45652,-6.49529,
5.74814,4.21304,-2.19814,2.57057,3.46362,-6.49946,
5.74782,4.21151,-2.20138,2.56843,3.47058,-6.50283,
5.75585,4.21348,-2.20314,2.54839,3.4764,-6.48436,
5.76506,4.21626,-2.20476,2.51711,3.48175,-6.4558,
5.77499,4.21947,-2.20667,2.47595,3.4865,-6.41845,
5.78526,4.22297,-2.20904,2.42597,3.49031,-6.37298,
5.79556,4.22665,-2.21199,2.36853,3.49295,-6.32017,
5.80556,4.23043,-2.21545,2.30568,3.49454,-6.26135,
5.81485,4.23412,-2.21913,2.23993,3.49552,-6.19838,
5.82354,4.23773,-2.2234,2.17097,3.49543,-6.13079,
5.83142,4.24121,-2.22826,2.09967,3.49419,-6.05918,
5.83845,4.24455,-2.23367,2.02686,3.4919,-5.98405,
5.84453,4.24775,-2.23959,1.95323,3.48847,-5.90583,
5.84955,4.25079,-2.24598,1.87929,3.48396,-5.82495,
5.85356,4.25366,-2.25275,1.80597,3.47833,-5.74213,
5.85662,4.25637,-2.25978,1.73394,3.47161,-5.65797,
5.8588,4.25893,-2.26702,1.66379,3.46378,-5.57301,
5.86014,4.26131,-2.2744,1.59587,3.45505,-5.4878,
5.86069,4.2635,-2.28186,1.53037,3.44569,-5.40266,
5.86052,4.26552,-2.28928,1.46742,3.43586,-5.31786,
5.85962,4.26737,-2.29663,1.40696,3.42561,-5.23352,
5.85798,4.26904,-2.30387,1.34893,3.41499,-5.14975,
5.85565,4.27048,-2.31093,1.29331,3.40403,-5.06671,
5.85266,4.2717,-2.31776,1.2401,3.39277,-4.98455,
5.84901,4.27277,-2.32434,1.18924,3.38126,-4.90344,
5.84471,4.27369,-2.33065,1.1407,3.36957,-4.82361,
5.83979,4.27445,-2.33666,1.09446,3.3577,-4.74528,
5.83411,4.27501,-2.34241,1.0504,3.34553,-4.66882,
5.82834,4.27547,-2.34762,1.00933,3.33325,-4.5947,
5.82644,4.2766,-2.35071,0.97678,3.32178,-4.52536,
5.82063,4.27759,-2.35379,0.94473,3.30925,-4.4628,
5.81427,4.27851,-2.35627,0.915832,3.29659,-4.40593,
5.80737,4.27943,-2.35816,0.889919,3.28393,-4.35506,
5.8,4.28037,-2.35945,0.866631,3.27168,-4.30993,
5.79203,4.28117,-2.36021,0.845558,3.26003,-4.27062,
5.78043,4.28042,-2.36056,0.823651,3.24874,-4.23832,
5.76838,4.27946,-2.36043,0.803611,3.23839,-4.21171,
5.75634,4.27842,-2.35988,0.78564,3.22899,-4.1904,
5.74455,4.2773,-2.3589,0.769771,3.22048,-4.17404,
5.73311,4.27608,-2.35752,0.75592,3.2128,-4.16224,
5.72215,4.2749,-2.35581,0.744066,3.2059,-4.15467,
5.71404,4.27555,-2.35345,0.736423,3.19994,-4.14967,
5.70497,4.27505,-2.3512,0.728987,3.19408,-4.14873,
5.6985,4.27597,-2.34829,0.72532,3.18903,-4.14996,
5.69313,4.27712,-2.34507,0.72373,3.18423,-4.15356,
5.6889,4.27848,-2.34152,0.724181,3.17944,-4.15913,
5.68547,4.27993,-2.33777,0.726241,3.17475,-4.16659,
5.68077,4.28031,-2.33436,0.727769,3.16963,-4.17668,
5.67822,4.28163,-2.33042,0.732085,3.16538,-4.18778,
5.67649,4.28309,-2.32628,0.737765,3.16114,-4.19983,
5.67553,4.28465,-2.32209,0.744435,3.1568,-4.21214,
5.67513,4.28621,-2.31785,0.751938,3.1527,-4.22504,
5.67509,4.28776,-2.31362,0.760153,3.14859,-4.23863,
5.67544,4.2893,-2.30938,0.768982,3.14464,-4.25268,
5.67635,4.29085,-2.30504,0.778634,3.14058,-4.26699,
5.67774,4.2924,-2.30068,0.788929,3.13647,-4.28143,
5.67679,4.29284,-2.2966,0.797598,3.1323,-4.29827,
5.67531,4.29287,-2.29263,0.80644,3.1285,-4.31706,
5.67359,4.29252,-2.28873,0.815836,3.1251,-4.33797,
5.67172,4.29185,-2.28489,0.82603,3.12212,-4.36118,
5.66969,4.29095,-2.28107,0.837128,3.11961,-4.38684,
5.66753,4.28987,-2.27726,0.849253,3.11755,-4.41499,
5.66526,4.28867,-2.27344,0.862537,3.11608,-4.44574,
5.66293,4.28739,-2.2696,0.877125,3.11516,-4.47913,
5.6606,4.28604,-2.26575,0.893165,3.11478,-4.51514,
5.65833,4.28464,-2.2619,0.910743,3.11494,-4.55366,
5.65621,4.28319,-2.25805,0.92998,3.11564,-4.59462,
5.65426,4.28176,-2.25421,0.950974,3.11688,-4.63795,
5.6525,4.28035,-2.25039,0.973776,3.11866,-4.68351,
5.65095,4.27895,-2.2466,0.998407,3.12094,-4.73112,
5.64963,4.27755,-2.24285,1.02489,3.1237,-4.78065,
5.64853,4.27617,-2.23917,1.05322,3.12691,-4.83193,
5.64763,4.2748,-2.23556,1.0834,3.13054,-4.88481,
5.64696,4.27345,-2.23206,1.11542,3.13458,-4.93912,
5.64652,4.27212,-2.22868,1.14926,3.139,-4.99466,
5.64631,4.2708,-2.22543,1.18485,3.14378,-5.05123,
5.64634,4.2695,-2.22233,1.22216,3.14889,-5.10864,
5.64662,4.26819,-2.21938,1.26112,3.15431,-5.1667,
5.64713,4.26688,-2.2166,1.30166,3.16001,-5.22521,
5.64788,4.26557,-2.21399,1.3437,3.16596,-5.28399,
5.64885,4.26424,-2.21155,1.38715,3.172,-5.34284,
5.65004,4.2629,-2.2093,1.43191,3.17802,-5.40154,
5.65144,4.26154,-2.20723,1.47784,3.18407,-5.45993,
5.65305,4.26018,-2.20534,1.52479,3.19026,-5.51785,
5.65486,4.25882,-2.20364,1.57267,3.19647,-5.57516,
5.65686,4.25744,-2.20211,1.62129,3.20282,-5.63168,
5.65904,4.25606,-2.20075,1.6705,3.20946,-5.68731,
5.6614,4.25467,-2.19956,1.7201,3.21639,-5.74189,
5.66392,4.25328,-2.19853,1.76995,3.22362,-5.7953,
5.6666,4.25187,-2.19767,1.81985,3.23113,-5.8474,
5.66942,4.25046,-2.19697,1.86955,3.23892,-5.89803,
5.67234,4.24903,-2.19645,1.91887,3.24694,-5.94708,
5.67538,4.24758,-2.19609,1.96766,3.25512,-5.99449,
5.67851,4.24612,-2.19591,2.01571,3.26337,-6.04014,
5.68173,4.24464,-2.19589,2.06279,3.27166,-6.08389,
5.68499,4.24314,-2.196,2.10871,3.27995,-6.12569,
5.68829,4.24162,-2.19623,2.15332,3.28825,-6.16549,
5.69163,4.24008,-2.1966,2.1965,3.29654,-6.20332,
5.69498,4.23853,-2.19711,2.2381,3.30484,-6.23917,
5.69834,4.23696,-2.19778,2.27797,3.31313,-6.27303,
5.7017,4.23538,-2.19861,2.31597,3.32141,-6.30488,
5.70504,4.23379,-2.19958,2.35193,3.32965,-6.33469,
5.70835,4.23219,-2.20069,2.38576,3.33785,-6.36249,
5.7116,4.23059,-2.20194,2.41737,3.34597,-6.38829,
5.71479,4.22899,-2.20333,2.44669,3.35406,-6.41213,
5.71789,4.22738,-2.20484,2.47368,3.36209,-6.43406,
5.7209,4.22578,-2.20647,2.49831,3.37009,-6.45414,
5.72379,4.22418,-2.20823,2.52056,3.37804,-6.47242,
5.72656,4.22258,-2.2101,2.54045,3.38593,-6.48896,
5.72919,4.221,-2.21208,2.55801,3.39377,-6.50384,
5.73167,4.21942,-2.21416,2.57329,3.40156,-6.51715,
5.73397,4.21785,-2.21633,2.58635,3.40927,-6.52895,
5.7361,4.21629,-2.2186,2.59725,3.41689,-6.53931,
5.73804,4.21474,-2.22096,2.60606,3.42442,-6.54832,
5.73979,4.2132,-2.2234,2.61286,3.43183,-6.55604,
5.74132,4.21168,-2.22593,2.61774,3.43913,-6.56256,
5.74264,4.21016,-2.22853,2.6208,3.4463,-6.56796,
5.74373,4.20867,-2.23121,2.62214,3.45333,-6.57231,
5.74459,4.20719,-2.23396,2.62186,3.46023,-6.57569,
5.74522,4.20573,-2.23677,2.62008,3.46697,-6.57817,
5.7456,4.20429,-2.23964,2.61692,3.47355,-6.57984,
5.74574,4.20287,-2.24256,2.61248,3.47998,-6.58077,
5.75381,4.20503,-2.24405,2.58999,3.48516,-6.56054,
5.76303,4.20795,-2.24546,2.55629,3.48986,-6.53046,
5.77291,4.21128,-2.24723,2.51266,3.49394,-6.49178,
5.78308,4.21488,-2.2495,2.46033,3.49713,-6.44523,
5.79323,4.21865,-2.25236,2.40076,3.49933,-6.39165,
5.80305,4.22249,-2.25577,2.33591,3.5003,-6.33221,
5.81205,4.22623,-2.25939,2.26828,3.50054,-6.26876,
5.82031,4.22993,-2.26359,2.1975,3.49976,-6.20085,
5.82777,4.23348,-2.26838,2.12452,3.49775,-6.12902,
5.83436,4.23689,-2.27373,2.05012,3.49473,-6.05377,
5.83998,4.24014,-2.27958,1.97492,3.49054,-5.97545,
5.84458,4.24322,-2.2859,1.89949,3.48528,-5.89448,
5.84821,4.24612,-2.2926,1.82474,3.47892,-5.81156,
5.85097,4.24886,-2.29954,1.75141,3.47151,-5.72728,
5.85289,4.25143,-2.30667,1.68005,3.46293,-5.64219,
5.85398,4.25382,-2.31392,1.61097,3.45353,-5.55682,
5.85429,4.25603,-2.32122,1.54434,3.44351,-5.47147,
5.85385,4.25807,-2.32845,1.48026,3.43299,-5.38639,
5.85266,4.25994,-2.33559,1.41871,3.42205,-5.30174,
5.85073,4.26165,-2.34258,1.35961,3.41074,-5.2176,
5.84808,4.2632,-2.34937,1.30295,3.39909,-5.13417,
5.84476,4.26452,-2.35592,1.24875,3.38715,-5.05163,
5.84081,4.26563,-2.3622,1.19697,3.37501,-4.97018,
5.83624,4.26659,-2.36819,1.14756,3.36274,-4.88995,
5.83106,4.2674,-2.37386,1.10043,3.35041,-4.81113,
5.82529,4.26808,-2.3792,1.05555,3.3381,-4.73392,
5.82317,4.26941,-2.38239,1.01879,3.32663,-4.66034,
5.82182,4.27076,-2.38471,0.986079,3.3151,-4.58978,
5.82057,4.27204,-2.38645,0.956685,3.30357,-4.52295,
5.81483,4.27305,-2.3882,0.926918,3.29129,-4.46293,
5.80854,4.27395,-2.38937,0.90006,3.27891,-4.40845,
5.80163,4.27484,-2.39,0.875838,3.26657,-4.35977,
5.79382,4.27561,-2.39014,0.85365,3.25482,-4.31696,
5.7854,4.27626,-2.38977,0.833449,3.24378,-4.27978,
5.77348,4.27539,-2.38897,0.812384,3.23315,-4.24941,
5.76119,4.27432,-2.38773,0.793122,3.22351,-4.22459,
5.74897,4.27316,-2.3861,0.77589,3.2148,-4.20498,
5.73702,4.27192,-2.3841,0.760696,3.20695,-4.19021,
5.7279,4.27209,-2.38158,0.74982,3.20026,-4.17878,
5.71933,4.27265,-2.37869,0.740974,3.19406,-4.17107,
5.70956,4.27198,-2.37568,0.732254,3.18795,-4.16769,
5.7024,4.27296,-2.37209,0.727397,3.18251,-4.16659,
5.69609,4.27408,-2.3683,0.724431,3.17748,-4.16833,
5.69066,4.27536,-2.36425,0.723338,3.17263,-4.17247,
5.68619,4.27674,-2.35997,0.724065,3.16798,-4.17875,
5.68266,4.27822,-2.35547,0.726527,3.16326,-4.18676,
5.67886,4.27907,-2.35118,0.729332,3.15856,-4.19687,
5.67636,4.2805,-2.34652,0.734126,3.15409,-4.2081,
5.67446,4.28198,-2.34186,0.739822,3.14979,-4.22003,
5.67332,4.28355,-2.33713,0.746615,3.14544,-4.23247,
5.67282,4.28512,-2.33234,0.754371,3.14102,-4.24543,
5.67276,4.2867,-2.32756,0.762841,3.13677,-4.25897,
5.67304,4.28825,-2.32282,0.771924,3.13261,-4.2731,
5.67366,4.28975,-2.3181,0.781545,3.12854,-4.28756,
5.67214,4.29013,-2.31368,0.789782,3.12431,-4.30452,
5.67015,4.29018,-2.30939,0.798224,3.12058,-4.32343,
5.66788,4.28991,-2.30516,0.807228,3.11728,-4.34452,
5.66545,4.28934,-2.30098,0.81703,3.11436,-4.36791,
5.663,4.28852,-2.29685,0.827837,3.11195,-4.39373,
5.66055,4.2875,-2.29274,0.839784,3.10998,-4.42199,
5.65806,4.28634,-2.28864,0.852942,3.10855,-4.45281,
5.65558,4.28509,-2.28454,0.867452,3.10767,-4.48625,
5.65314,4.28376,-2.28041,0.883461,3.10735,-4.52233,
5.6508,4.28238,-2.27628,0.901042,3.10756,-4.56094,
5.64857,4.28094,-2.27216,0.920293,3.10829,-4.60202,
5.64649,4.2795,-2.26805,0.941274,3.10954,-4.64547,
5.64459,4.27807,-2.26397,0.964053,3.11129,-4.69115,
5.6429,4.27666,-2.25994,0.988683,3.11354,-4.73893,
5.64145,4.27525,-2.25596,1.01517,3.11626,-4.78862,
5.6402,4.27384,-2.25205,1.04353,3.11942,-4.84009,
5.63918,4.27246,-2.24821,1.07376,3.12301,-4.89315,
5.63839,4.27109,-2.24447,1.10585,3.127,-4.94764,
5.63784,4.26974,-2.24083,1.13978,3.13136,-5.00336,
5.63752,4.26841,-2.23733,1.1755,3.13608,-5.06014,
5.63745,4.26709,-2.23399,1.21297,3.14112,-5.11775,
5.63764,4.26577,-2.23079,1.25211,3.14648,-5.176,
5.63808,4.26444,-2.22778,1.29285,3.15211,-5.23473,
5.63876,4.26311,-2.22494,1.33511,3.15799,-5.29371,
5.63968,4.26177,-2.22228,1.37881,3.16394,-5.35274,
5.64084,4.26042,-2.21981,1.42385,3.16989,-5.41164,
5.64221,4.25905,-2.21753,1.47009,3.1759,-5.47024,
5.6438,4.25767,-2.21543,1.51738,3.18203,-5.52837,
5.64561,4.25629,-2.21353,1.56561,3.1882,-5.58589,
5.64761,4.25491,-2.2118,1.6146,3.19456,-5.64261,
5.64982,4.25351,-2.21026,1.66419,3.20123,-5.69845,
5.6522,4.25212,-2.20889,1.71421,3.20819,-5.75325,
5.65477,4.25072,-2.20769,1.76451,3.21544,-5.80687,
5.6575,4.24931,-2.20666,1.81489,3.22297,-5.85919,
5.66038,4.24789,-2.20581,1.86511,3.23077,-5.91004,
5.66339,4.24646,-2.20513,1.91501,3.2388,-5.95936,
5.66653,4.24501,-2.20463,1.96443,3.24697,-6.00705,
5.66976,4.24355,-2.2043,2.01314,3.25521,-6.05297,
5.67309,4.24208,-2.20413,2.06095,3.26346,-6.09704,
5.67647,4.24058,-2.20409,2.10766,3.27172,-6.13918,
5.67991,4.23907,-2.20419,2.15307,3.27999,-6.17932,
5.68339,4.23754,-2.20443,2.19707,3.28826,-6.21747,
5.68689,4.236,-2.20483,2.23952,3.29653,-6.25366,
5.69042,4.23444,-2.20538,2.28027,3.3048,-6.28786,
5.69395,4.23288,-2.20609,2.31918,3.31304,-6.32007,
5.69746,4.2313,-2.20694,2.35608,3.32124,-6.35024,
5.70095,4.22971,-2.20794,2.39085,3.32939,-6.37839,
5.70438,4.22811,-2.20907,2.42339,3.33749,-6.40453,
5.70775,4.22652,-2.21034,2.45364,3.34551,-6.4287,
5.71104,4.22493,-2.21173,2.48155,3.35347,-6.45095,
5.71423,4.22335,-2.21325,2.50708,3.36138,-6.47132,
5.71731,4.22177,-2.21489,2.5302,3.36924,-6.48988,
5.72026,4.22019,-2.21663,2.55094,3.37705,-6.50668,
5.72307,4.21862,-2.21848,2.56933,3.38481,-6.52182,
5.72572,4.21706,-2.22043,2.5854,3.39251,-6.53535,
5.72821,4.21551,-2.22248,2.5992,3.40013,-6.54735,
5.73051,4.21396,-2.22462,2.61078,3.40768,-6.55788,
5.73263,4.21242,-2.22685,2.62022,3.41513,-6.56704,
5.73455,4.2109,-2.22917,2.62761,3.42248,-6.57489,
5.73627,4.20938,-2.23158,2.63302,3.42971,-6.58152,
5.73776,4.20788,-2.23407,2.63657,3.43682,-6.587,
5.73903,4.20639,-2.23663,2.63835,3.44379,-6.59142,
5.74007,4.20492,-2.23926,2.63846,3.45061,-6.59484,
5.74087,4.20347,-2.24196,2.63702,3.45728,-6.59735,
5.74142,4.20203,-2.24473,2.63414,3.4638,-6.59902,
5.74173,4.20062,-2.24755,2.62993,3.47016,-6.59992,
5.7418,4.19923,-2.25043,2.6245,3.47636,-6.60013,
5.7496,4.20148,-2.25188,2.60097,3.48126,-6.57939,
5.7586,4.20447,-2.25328,2.56629,3.48567,-6.54891,
5.76827,4.20785,-2.25503,2.52179,3.48946,-6.50994,
5.77823,4.21149,-2.25731,2.46868,3.49235,-6.46322,
5.78818,4.21531,-2.26018,2.40842,3.4943,-6.40955,
5.79779,4.21919,-2.26359,2.34297,3.495,-6.35013,
5.80653,4.22298,-2.26722,2.27474,3.49494,-6.28673,
5.81455,4.22672,-2.27143,2.20342,3.49386,-6.21891,
5.82184,4.2303,-2.27624,2.12999,3.4915,-6.14721,
5.82828,4.23372,-2.2816,2.0552,3.48814,-6.07211,
5.83379,4.23698,-2.28747,1.97964,3.48362,-5.99395,
5.83835,4.24006,-2.29379,1.90392,3.47806,-5.91314,
5.84195,4.24295,-2.30048,1.82891,3.47141,-5.83038,
5.84471,4.24567,-2.30741,1.75535,3.46368,-5.74625,
5.84663,4.24823,-2.31452,1.68378,3.45473,-5.66131,
5.84773,4.2506,-2.32175,1.61448,3.44493,-5.57606,
5.84805,4.2528,-2.32901,1.54764,3.43447,-5.49079,
5.84763,4.25483,-2.33621,1.48337,3.42351,-5.40577,
5.84648,4.2567,-2.34331,1.42165,3.4121,-5.32116,
5.8446,4.25841,-2.35027,1.3624,3.4003,-5.23705,
5.84202,4.25996,-2.35703,1.30561,3.38814,-5.15362,
5.83877,4.26135,-2.36355,1.25128,3.3757,-5.07105,
5.8349,4.26251,-2.3698,1.19937,3.36305,-4.9895,
5.83045,4.26349,-2.37575,1.14982,3.35026,-4.90909,
5.8254,4.26431,-2.3814,1.10257,3.33739,-4.83,
5.81979,4.26501,-2.38671,1.05756,3.32453,-4.75243,
5.81784,4.26641,-2.38983,1.02065,3.31257,-4.67832,
5.81668,4.26785,-2.39209,0.98775,3.30051,-4.60696,
5.8158,4.26926,-2.39367,0.958189,3.28834,-4.53875,
5.81444,4.27052,-2.39482,0.931421,3.27645,-4.47519,
5.80896,4.27149,-2.39579,0.904513,3.2637,-4.41836,
5.80253,4.27246,-2.39626,0.88003,3.25081,-4.36734,
5.79515,4.27332,-2.39626,0.85762,3.2383,-4.32228,
5.7871,4.274,-2.39577,0.837206,3.22652,-4.28291,
5.77865,4.27454,-2.39475,0.818794,3.2155,-4.249,
5.76701,4.27371,-2.39329,0.799669,3.20499,-4.22177,
5.75516,4.2727,-2.39143,0.782352,3.19548,-4.19997,
5.74347,4.27158,-2.38921,0.767029,3.18694,-4.18326,
5.73213,4.27039,-2.38664,0.75373,3.17926,-4.1713,
5.72352,4.27076,-2.38358,0.744632,3.17276,-4.16265,
5.71558,4.2715,-2.38019,0.737597,3.16679,-4.15763,
5.70668,4.27097,-2.3768,0.730808,3.16095,-4.15685,
5.70047,4.27204,-2.37286,0.727915,3.15575,-4.15823,
5.69537,4.27332,-2.36867,0.727087,3.15101,-4.16215,
5.69122,4.27473,-2.36427,0.728122,3.14644,-4.16833,
5.68793,4.27623,-2.35971,0.730823,3.14208,-4.17651,
5.68545,4.27784,-2.35495,0.735123,3.13756,-4.18634,
5.68345,4.27941,-2.35015,0.740518,3.13309,-4.19769,
5.68194,4.28101,-2.34536,0.746793,3.12874,-4.20992,
5.68113,4.28269,-2.34052,0.754113,3.12432,-4.22271,
5.6808,4.28436,-2.33568,0.762211,3.12013,-4.2362,
5.68103,4.28606,-2.33079,0.771162,3.11589,-4.25014,
5.68148,4.28768,-2.32592,0.780631,3.11174,-4.26469,
5.67965,4.28807,-2.32153,0.78855,3.10744,-4.28194,
5.6774,4.28821,-2.31726,0.796737,3.10368,-4.3012,
5.67487,4.28805,-2.31308,0.80549,3.10038,-4.32271,
5.67218,4.28761,-2.30896,0.815043,3.09752,-4.34658,
5.66939,4.28695,-2.30487,0.825571,3.09509,-4.37293,
5.66656,4.28608,-2.30081,0.837183,3.09318,-4.40179,
5.66381,4.28503,-2.29675,0.850095,3.0918,-4.4332,
5.66108,4.28385,-2.29268,0.864363,3.09098,-4.46722,
5.65839,4.2826,-2.2886,0.880096,3.09072,-4.50384,
5.65578,4.28128,-2.28448,0.897374,3.09103,-4.543,
5.65326,4.27991,-2.28037,0.916298,3.09188,-4.58466,
5.65088,4.27849,-2.27626,0.936947,3.09325,-4.62872,
5.64864,4.27709,-2.27217,0.959361,3.09515,-4.67502,
5.64656,4.27569,-2.26811,0.983582,3.09754,-4.72342,
5.64468,4.27428,-2.26409,1.00964,3.10041,-4.77377,
5.643,4.27288,-2.26014,1.03756,3.10374,-4.82589,
5.64153,4.2715,-2.25627,1.06734,3.10751,-4.87961,
5.64028,4.27013,-2.25247,1.09898,3.11171,-4.93475,
5.63924,4.26877,-2.24876,1.13246,3.1163,-4.99116,
5.63842,4.26742,-2.24517,1.16776,3.12126,-5.04865,
5.63783,4.26609,-2.2417,1.20481,3.12658,-5.10698,
5.63748,4.26476,-2.23837,1.24355,3.13222,-5.16596,
5.63738,4.26344,-2.23522,1.28393,3.13815,-5.2254,
5.63751,4.26211,-2.23223,1.32585,3.14434,-5.28512,
5.63789,4.26077,-2.22942,1.36922,3.15065,-5.34489,
5.6385,4.25943,-2.2268,1.41398,3.15696,-5.40453,
5.63934,4.25807,-2.22437,1.45996,3.16335,-5.46386,
5.64041,4.25671,-2.22212,1.50702,3.1699,-5.52273,
5.64169,4.25533,-2.22007,1.55508,3.17651,-5.58098,
5.6432,4.25395,-2.2182,1.60396,3.18328,-5.63847,
5.64491,4.25257,-2.21651,1.65349,3.19034,-5.69506,
5.64682,4.25119,-2.21501,1.7035,3.19771,-5.75061,
5.64893,4.24981,-2.21369,1.75383,3.20537,-5.80498,
5.65122,4.24843,-2.21254,1.80429,3.21331,-5.85804,
5.65368,4.24704,-2.21158,1.85465,3.22153,-5.90964,
5.65631,4.24566,-2.21079,1.90475,3.22996,-5.95968,
5.65907,4.24426,-2.21019,1.95442,3.23855,-6.0081,
5.66197,4.24285,-2.20977,2.00343,3.24722,-6.05474,
5.66498,4.24143,-2.20952,2.05158,3.25589,-6.09952,
5.66807,4.23999,-2.20941,2.09869,3.26457,-6.14236,
5.67125,4.23853,-2.20944,2.14457,3.27324,-6.1832,
5.67449,4.23706,-2.20961,2.18906,3.28191,-6.22202,
5.67779,4.23558,-2.20992,2.23203,3.29057,-6.25884,
5.68112,4.23409,-2.2104,2.27335,3.2992,-6.29366,
5.68449,4.23259,-2.21102,2.31286,3.30781,-6.32647,
5.68786,4.23108,-2.21179,2.35043,3.31635,-6.35725,
5.69123,4.22957,-2.21271,2.38589,3.32485,-6.38598,
5.69458,4.22804,-2.21376,2.41917,3.33328,-6.4127,
5.69789,4.22652,-2.21495,2.45019,3.34161,-6.43743,
5.70114,4.225,-2.21626,2.47888,3.34986,-6.46022,
5.70432,4.22348,-2.2177,2.50521,3.35804,-6.48111,
5.70742,4.22197,-2.21926,2.52913,3.36615,-6.50016,
5.7104,4.22045,-2.22093,2.55068,3.37419,-6.51743,
5.71326,4.21894,-2.2227,2.56987,3.38216,-6.53302,
5.71597,4.21744,-2.22457,2.58672,3.39006,-6.54698,
5.71855,4.21594,-2.22654,2.60128,3.39788,-6.55937,
5.72095,4.21445,-2.2286,2.61359,3.40559,-6.57027,
5.72318,4.21297,-2.23076,2.62374,3.41321,-6.57976,
5.72523,4.2115,-2.233,2.63179,3.42071,-6.58791,
5.72709,4.21004,-2.23533,2.63785,3.42809,-6.59482,
5.72875,4.20858,-2.23774,2.642,3.43532,-6.60055,
5.73019,4.20714,-2.24022,2.64436,3.44241,-6.60518,
5.73142,4.2057,-2.24278,2.64501,3.44935,-6.60879,
5.73242,4.20428,-2.24541,2.64408,3.45613,-6.61146,
5.73318,4.20288,-2.2481,2.64167,3.46274,-6.61327,
5.73371,4.20149,-2.25085,2.63789,3.46919,-6.6143,
5.734,4.20011,-2.25366,2.63286,3.47546,-6.6146,
5.74196,4.20241,-2.25504,2.6095,3.48041,-6.59398,
5.75105,4.20545,-2.25638,2.57496,3.48488,-6.56372,
5.76084,4.20885,-2.25807,2.53058,3.48871,-6.52501,
5.77093,4.21251,-2.26029,2.47756,3.49164,-6.47858,
5.78102,4.21632,-2.26311,2.41732,3.49363,-6.42523,
5.79074,4.22023,-2.26649,2.35185,3.49443,-6.36615,
5.7996,4.22403,-2.27008,2.28362,3.49435,-6.30313,
5.80778,4.22776,-2.27427,2.21226,3.49325,-6.23569,
5.81524,4.23133,-2.27907,2.13875,3.49086,-6.16431,
5.82187,4.23473,-2.28443,2.06386,3.48747,-6.08955,
5.82758,4.23796,-2.29028,1.98818,3.48297,-6.0117,
5.83234,4.24102,-2.29659,1.91231,3.47742,-5.93119,
5.83614,4.24386,-2.30328,1.83707,3.4708,-5.84867,
5.83906,4.24654,-2.31022,1.76322,3.46311,-5.76474,
5.84114,4.24905,-2.31733,1.69127,3.45417,-5.67988,
5.84238,4.25136,-2.32458,1.62155,3.44438,-5.59466,
5.84282,4.25351,-2.33187,1.55427,3.43392,-5.50939,
5.84251,4.25549,-2.3391,1.48956,3.42296,-5.42434,
5.84145,4.25731,-2.34623,1.4274,3.41158,-5.33971,
5.83965,4.25896,-2.35322,1.36771,3.39983,-5.25557,
5.83713,4.26045,-2.36002,1.31049,3.38775,-5.17212,
5.83392,4.26177,-2.36658,1.25574,3.37541,-5.08955,
5.83008,4.26286,-2.37287,1.20343,3.36287,-5.00805,
5.82561,4.26377,-2.37886,1.1535,3.35023,-4.92775,
5.82055,4.26453,-2.38454,1.1059,3.33754,-4.84885,
5.81489,4.26516,-2.38989,1.06058,3.3249,-4.77159,
5.81286,4.26649,-2.39304,1.02341,3.31322,-4.69793,
5.81161,4.26786,-2.39531,0.9903,3.3016,-4.6272,
5.81061,4.2692,-2.39692,0.960534,3.28999,-4.55976,
5.80912,4.2704,-2.39809,0.933593,3.27871,-4.4971,
5.80346,4.27132,-2.39908,0.906523,3.26661,-4.44127,
5.79685,4.27217,-2.39958,0.881861,3.25438,-4.3913,
5.78924,4.27294,-2.3996,0.859248,3.24253,-4.34728,
5.78093,4.27355,-2.39913,0.838606,3.23136,-4.30892,
5.77217,4.27401,-2.39814,0.819933,3.22093,-4.276,
5.76017,4.27309,-2.39672,0.800482,3.21104,-4.2497,
5.74789,4.27197,-2.3949,0.782779,3.20212,-4.22876,
5.73865,4.27212,-2.3926,0.769718,3.1945,-4.21151,
5.72719,4.27113,-2.39006,0.756259,3.18715,-4.19971,
5.71829,4.27147,-2.38702,0.746789,3.18083,-4.19109,
5.70996,4.27214,-2.38364,0.739266,3.17503,-4.18602,
5.70154,4.27223,-2.38007,0.732867,3.16939,-4.18451,
5.69487,4.27329,-2.37608,0.729364,3.16425,-4.18544,
5.68916,4.27451,-2.37185,0.727791,3.15945,-4.18885,
5.68431,4.27584,-2.3674,0.727987,3.15475,-4.19443,
5.68027,4.27722,-2.36279,0.729777,3.15011,-4.20189,
5.67677,4.27861,-2.35807,0.732849,3.14554,-4.21111,
5.67385,4.28002,-2.35331,0.737073,3.14114,-4.22178,
5.67173,4.28149,-2.34848,0.742491,3.13666,-4.23314,
5.67014,4.28297,-2.34366,0.748701,3.13236,-4.24512,
5.66893,4.28442,-2.33887,0.755666,3.12809,-4.25791,
5.66824,4.28586,-2.33408,0.763419,3.12381,-4.27117,
5.66798,4.28729,-2.3293,0.771846,3.11971,-4.28496,
5.66553,4.28748,-2.32481,0.778877,3.11543,-4.3014,
5.66263,4.28744,-2.32044,0.786207,3.11163,-4.31994,
5.65946,4.28713,-2.31611,0.794153,3.10837,-4.34078,
5.65617,4.28656,-2.31182,0.802958,3.1056,-4.36406,
5.65281,4.28576,-2.30753,0.812812,3.10326,-4.38986,
5.64944,4.28478,-2.30324,0.823811,3.10146,-4.4182,
5.64611,4.28365,-2.29894,0.836127,3.10018,-4.44916,
5.64295,4.28236,-2.29464,0.849949,3.09945,-4.48277,
5.63994,4.28098,-2.29033,0.865362,3.0993,-4.51903,
5.63708,4.27953,-2.28601,0.882423,3.09971,-4.55785,
5.63439,4.27804,-2.28167,0.901206,3.10067,-4.59916,
5.63188,4.27651,-2.27733,0.921779,3.10213,-4.64288,
5.62954,4.275,-2.27302,0.944173,3.1041,-4.68887,
5.62739,4.27351,-2.26874,0.968414,3.10654,-4.73698,
5.62542,4.27202,-2.26451,0.994519,3.10945,-4.78705,
5.62366,4.27055,-2.26035,1.02251,3.1128,-4.83891,
5.62216,4.2691,-2.25626,1.0524,3.11659,-4.89236,
5.62091,4.26766,-2.25226,1.0842,3.12079,-4.94725,
5.61993,4.26626,-2.24837,1.1179,3.12538,-5.00339,
5.61922,4.26488,-2.24461,1.15344,3.13035,-5.06059,
5.61879,4.26353,-2.24101,1.19078,3.13566,-5.11862,
5.61865,4.26219,-2.23756,1.22986,3.14129,-5.1773,
5.61881,4.26086,-2.2343,1.27061,3.14722,-5.23645,
5.61924,4.25953,-2.23121,1.31292,3.15341,-5.29586,
5.61996,4.25821,-2.22831,1.35672,3.15973,-5.35532,
5.62095,4.25688,-2.22561,1.40193,3.16604,-5.41465,
5.62221,4.25555,-2.22311,1.44842,3.1724,-5.47368,
5.62373,4.25421,-2.22079,1.49603,3.17891,-5.53226,
5.6255,4.25286,-2.21867,1.54465,3.1855,-5.59022,
5.62752,4.25152,-2.21674,1.59414,3.19219,-5.64743,
5.62977,4.25016,-2.21499,1.6443,3.19913,-5.70374,
5.63225,4.24881,-2.21343,1.69498,3.20636,-5.75902,
5.63493,4.24746,-2.21204,1.746,3.21387,-5.81313,
5.63782,4.24611,-2.21082,1.79719,3.22164,-5.86596,
5.64089,4.24475,-2.20978,1.84832,3.22965,-5.91734,
5.64412,4.24339,-2.20892,1.89918,3.2379,-5.96716,
5.64751,4.24202,-2.20823,1.94964,3.24629,-6.01537,
5.65103,4.24064,-2.20771,1.99947,3.25475,-6.06182,
5.65467,4.23924,-2.20737,2.04846,3.26321,-6.10642,
5.65841,4.23782,-2.20719,2.09642,3.27166,-6.14911,
5.66221,4.23637,-2.20712,2.14318,3.28009,-6.18983,
5.66607,4.23491,-2.20718,2.18861,3.2885,-6.22856,
5.66999,4.23343,-2.20738,2.23253,3.29691,-6.26531,
5.67394,4.23194,-2.20773,2.27481,3.30528,-6.30007,
5.67791,4.23043,-2.20824,2.3153,3.31361,-6.33283,
5.68188,4.22891,-2.20889,2.35383,3.32187,-6.36357,
5.68585,4.22738,-2.20968,2.39028,3.33007,-6.39227,
5.68979,4.22582,-2.21062,2.42453,3.33819,-6.41897,
5.69367,4.22426,-2.21169,2.45651,3.34623,-6.44369,
5.69748,4.22271,-2.21288,2.48615,3.35416,-6.46646,
5.70121,4.22114,-2.2142,2.51339,3.362,-6.48734,
5.70484,4.21958,-2.21564,2.53823,3.36976,-6.50638,
5.70834,4.21801,-2.2172,2.56066,3.37745,-6.52366,
5.7117,4.21645,-2.21887,2.5807,3.38506,-6.53924,
5.71491,4.21489,-2.22065,2.59835,3.39258,-6.55318,
5.71796,4.21334,-2.22252,2.61366,3.40001,-6.56554,
5.72082,4.21179,-2.22449,2.62669,3.40733,-6.57641,
5.7235,4.21024,-2.22655,2.6375,3.41455,-6.58585,
5.72598,4.2087,-2.2287,2.64616,3.42165,-6.59394,
5.72825,4.20716,-2.23095,2.65276,3.42862,-6.60076,
5.73031,4.20564,-2.23327,2.65741,3.43545,-6.60638,
5.73213,4.20412,-2.23568,2.66019,3.44213,-6.6109,
5.73372,4.20261,-2.23817,2.6612,3.44867,-6.61438,
5.73506,4.20111,-2.24072,2.66058,3.45504,-6.6169,
5.73615,4.19963,-2.24335,2.65841,3.46125,-6.61855,
5.73698,4.19817,-2.24604,2.65483,3.46729,-6.61939,
5.73757,4.19671,-2.24879,2.64994,3.47316,-6.61949,
5.74579,4.19895,-2.25008,2.62658,3.47769,-6.59868,
5.75513,4.20192,-2.25131,2.59195,3.48176,-6.56821,
5.76516,4.20527,-2.25292,2.54753,3.48522,-6.52941,
5.77549,4.20886,-2.25506,2.49439,3.4878,-6.48288,
5.78579,4.21263,-2.25782,2.43398,3.48944,-6.42943,
5.79575,4.21648,-2.26116,2.36818,3.48993,-6.37016,
5.80485,4.22021,-2.26471,2.29969,3.48947,-6.30697,
5.81326,4.22386,-2.26884,2.22817,3.48802,-6.23944,
5.82095,4.22735,-2.27357,2.15447,3.48527,-6.16797,
5.82778,4.23066,-2.27888,2.07941,3.48153,-6.09313,
5.83368,4.23381,-2.28471,2.00355,3.47672,-6.01524,
5.8386,4.23677,-2.29099,1.92751,3.47086,-5.93472,
5.84254,4.23951,-2.29767,1.85207,3.46393,-5.85219,
5.84556,4.24208,-2.30462,1.77797,3.45592,-5.76824,
5.84774,4.24449,-2.31175,1.70576,3.44667,-5.68332,
5.84906,4.24672,-2.31903,1.63575,3.43654,-5.598,
5.84956,4.24877,-2.32636,1.56816,3.42574,-5.51261,
5.8493,4.25067,-2.33365,1.50313,3.41443,-5.42744,
5.84829,4.2524,-2.34084,1.44068,3.40269,-5.34268,
5.84652,4.25398,-2.3479,1.38071,3.39058,-5.25842,
5.84402,4.25542,-2.35477,1.32322,3.37816,-5.17484,
5.8408,4.25671,-2.36142,1.26819,3.36547,-5.09215,
5.83693,4.25786,-2.36779,1.21563,3.35261,-5.01054,
5.83242,4.25889,-2.37387,1.16546,3.33966,-4.93013,
5.82733,4.25975,-2.37962,1.1176,3.32667,-4.85104,
5.82165,4.26039,-2.38505,1.072,3.31375,-4.77351,
5.81584,4.2609,-2.3899,1.02946,3.30082,-4.69833,
5.81369,4.26219,-2.39266,0.994848,3.28899,-4.62686,
5.81212,4.26353,-2.3946,0.964118,3.27727,-4.55888,
5.81019,4.26477,-2.39607,0.936412,3.2659,-4.49572,
5.80808,4.26592,-2.39689,0.911946,3.25455,-4.43772,
5.80157,4.26684,-2.39755,0.886914,3.24244,-4.3867,
5.79385,4.26763,-2.39775,0.863802,3.23055,-4.34173,
5.78539,4.26827,-2.39744,0.84268,3.2193,-4.30251,
5.77648,4.26878,-2.39662,0.823547,3.20879,-4.26875,
5.76433,4.26787,-2.39535,0.803659,3.19884,-4.24166,
5.75193,4.26676,-2.39366,0.785544,3.18986,-4.21994,
5.7397,4.26556,-2.39159,0.769456,3.1818,-4.20326,
5.73039,4.26571,-2.38903,0.757806,3.17497,-4.19006,
5.72165,4.26614,-2.38611,0.74824,3.16867,-4.18075,
5.71124,4.26533,-2.38311,0.738472,3.16254,-4.17627,
5.70344,4.26617,-2.37951,0.732613,3.15715,-4.17422,
5.69678,4.26728,-2.37561,0.728968,3.15213,-4.17487,
5.69112,4.26854,-2.37146,0.727326,3.14729,-4.17799,
5.68639,4.26991,-2.36711,0.727483,3.14267,-4.18331,
5.68216,4.2713,-2.36262,0.728974,3.1384,-4.19086,
5.67875,4.2728,-2.35792,0.732072,3.13393,-4.20004,
5.67612,4.27436,-2.35307,0.736583,3.12936,-4.21047,
5.67412,4.27593,-2.34819,0.742142,3.12495,-4.22192,
5.67255,4.27751,-2.34333,0.748452,3.12061,-4.23407,
5.67144,4.27909,-2.33846,0.755537,3.11642,-4.24688,
5.67101,4.28072,-2.33357,0.763568,3.11222,-4.26012,
5.67111,4.28235,-2.32866,0.772376,3.10804,-4.27377,
5.66896,4.2827,-2.32414,0.779684,3.10373,-4.2901,
5.66637,4.28282,-2.31973,0.78728,3.0999,-4.30851,
5.66352,4.28271,-2.31539,0.795496,3.0966,-4.32921,
5.66053,4.28234,-2.31108,0.804537,3.09375,-4.3523,
5.6575,4.28174,-2.30681,0.81463,3.09131,-4.37792,
5.65446,4.28094,-2.30254,0.825852,3.08939,-4.40606,
5.65142,4.27998,-2.29828,0.838342,3.08798,-4.43684,
5.64849,4.2789,-2.29401,0.852286,3.08711,-4.47026,
5.64576,4.27771,-2.28973,0.867838,3.08683,-4.50631,
5.64321,4.27644,-2.28543,0.885042,3.08712,-4.54493,
5.64082,4.27511,-2.28114,0.903954,3.08793,-4.58606,
5.63859,4.27378,-2.27685,0.924639,3.08926,-4.62963,
5.63654,4.27244,-2.27258,0.947143,3.09108,-4.67548,
5.6347,4.2711,-2.26835,0.971494,3.09339,-4.72345,
5.63305,4.26975,-2.26417,0.997711,3.09616,-4.77342,
5.63159,4.26841,-2.26005,1.02579,3.09937,-4.82519,
5.63035,4.26708,-2.25601,1.05575,3.10302,-4.8786,
5.62936,4.26577,-2.25207,1.08761,3.10709,-4.93347,
5.62861,4.26448,-2.24823,1.12134,3.11156,-4.98963,
5.62811,4.26321,-2.24451,1.15692,3.1164,-5.04688,
5.62788,4.26195,-2.24094,1.19428,3.12158,-5.10499,
5.62792,4.26069,-2.23753,1.23337,3.12708,-5.16378,
5.62823,4.25943,-2.2343,1.27413,3.13288,-5.22306,
5.6288,4.25817,-2.23124,1.31644,3.13893,-5.28262,
5.62963,4.25689,-2.22837,1.36024,3.14509,-5.34225,
5.6307,4.25561,-2.2257,1.40541,3.15126,-5.40175,
5.63201,4.25432,-2.22321,1.45183,3.15752,-5.46097,
5.63356,4.25302,-2.22092,1.49935,3.16395,-5.51975,
5.63533,4.25172,-2.21883,1.54788,3.17043,-5.57793,
5.63732,4.25042,-2.21693,1.59725,3.17705,-5.63537,
5.63952,4.24912,-2.21521,1.64728,3.18396,-5.69192,
5.64193,4.2478,-2.21367,1.69782,3.19117,-5.74744,
5.64453,4.24648,-2.2123,1.74868,3.19868,-5.8018,
5.64731,4.24515,-2.21111,1.7997,3.20645,-5.85487,
5.65027,4.24382,-2.2101,1.85064,3.21448,-5.9065,
5.65338,4.24248,-2.20927,1.90134,3.22274,-5.95659,
5.65662,4.24112,-2.20862,1.95163,3.23115,-6.00506,
5.65999,4.23975,-2.20815,2.00128,3.23964,-6.05179,
5.66347,4.23835,-2.20784,2.05008,3.24814,-6.09666,
5.66702,4.23694,-2.20768,2.09787,3.25664,-6.13962,
5.67064,4.2355,-2.20764,2.14444,3.26512,-6.18059,
5.67431,4.23404,-2.20774,2.18963,3.2736,-6.21954,
5.67802,4.23257,-2.208,2.2333,3.28206,-6.2565,
5.68177,4.23109,-2.2084,2.2753,3.29049,-6.29145,
5.68552,4.22959,-2.20896,2.3155,3.29888,-6.32439,
5.68927,4.22807,-2.20967,2.35373,3.30721,-6.35529,
5.69301,4.22654,-2.21052,2.38986,3.31548,-6.38415,
5.69671,4.225,-2.21151,2.42379,3.32368,-6.41098,
5.70036,4.22345,-2.21263,2.45543,3.33181,-6.43583,
5.70393,4.22191,-2.21387,2.48473,3.33983,-6.45872,
5.70742,4.22037,-2.21525,2.51165,3.34775,-6.4797,
5.71081,4.21883,-2.21675,2.53614,3.35558,-6.49883,
5.71407,4.2173,-2.21836,2.55821,3.36334,-6.51618,
5.7172,4.21577,-2.22008,2.57788,3.37101,-6.53181,
5.72018,4.21425,-2.2219,2.59516,3.37859,-6.54578,
5.723,4.21273,-2.22383,2.61009,3.38607,-6.55816,
5.72564,4.21122,-2.22585,2.62272,3.39345,-6.56903,
5.72808,4.20971,-2.22797,2.63312,3.40071,-6.57845,
5.73034,4.20821,-2.23018,2.64136,3.40785,-6.58651,
5.73238,4.20671,-2.23248,2.64753,3.41485,-6.59329,
5.73421,4.20521,-2.23487,2.65172,3.42171,-6.59886,
5.7358,4.20373,-2.23734,2.65405,3.42841,-6.6033,
5.73715,4.20226,-2.23989,2.6546,3.43494,-6.60671,
5.73826,4.2008,-2.24251,2.65352,3.44131,-6.60915,
5.73913,4.19936,-2.24521,2.6509,3.44749,-6.61071,
5.73973,4.19793,-2.24797,2.64689,3.4535,-6.61147,
5.74009,4.19651,-2.25079,2.64158,3.45933,-6.6115,
5.74811,4.19883,-2.25217,2.61791,3.46384,-6.59057,
5.75725,4.20189,-2.25351,2.58308,3.46792,-6.56002,
5.76703,4.20534,-2.25522,2.53849,3.47138,-6.5211,
5.77713,4.20904,-2.25745,2.4853,3.47396,-6.4745,
5.7872,4.2129,-2.26029,2.42495,3.4756,-6.42102,
5.79692,4.21682,-2.26369,2.3594,3.47603,-6.36182,
5.80582,4.22063,-2.26731,2.29114,3.47561,-6.29868,
5.81404,4.22435,-2.27151,2.21985,3.47414,-6.23118,
5.82155,4.22792,-2.27633,2.14644,3.47139,-6.15978,
5.82823,4.2313,-2.28171,2.07166,3.4677,-6.08501,
5.83397,4.23451,-2.28759,1.99609,3.46295,-6.00719,
5.83874,4.23753,-2.29394,1.92037,3.45716,-5.92675,
5.8425,4.24034,-2.30066,1.84523,3.4503,-5.84434,
5.84538,4.24299,-2.30764,1.77145,3.44239,-5.76048,
5.8474,4.24547,-2.31481,1.69954,3.43325,-5.67569,
5.84857,4.24776,-2.3221,1.62981,3.42326,-5.59047,
5.84892,4.24989,-2.32945,1.56248,3.41263,-5.5052,
5.84851,4.25186,-2.33674,1.49771,3.4015,-5.42015,
5.84736,4.25367,-2.34394,1.4355,3.38997,-5.33552,
5.84545,4.25532,-2.35099,1.37577,3.37808,-5.2514,
5.84281,4.25682,-2.35786,1.31848,3.36587,-5.16796,
5.83948,4.25818,-2.3645,1.26365,3.35342,-5.08538,
5.83548,4.2594,-2.37086,1.21123,3.34079,-5.00381,
5.83088,4.26042,-2.37692,1.16119,3.32807,-4.92343,
5.82571,4.26123,-2.38266,1.11344,3.31531,-4.84432,
5.81995,4.26189,-2.38808,1.06792,3.3026,-4.76672,
5.81784,4.26331,-2.39129,1.03051,3.29086,-4.69256,
5.81628,4.26478,-2.39374,0.996633,3.2792,-4.62075,
5.81508,4.26622,-2.39544,0.966317,3.26753,-4.55231,
5.81339,4.26753,-2.3967,0.938803,3.25619,-4.48851,
5.80754,4.26858,-2.39777,0.911157,3.24403,-4.43142,
5.80107,4.26952,-2.39832,0.885998,3.2319,-4.3796,
5.79362,4.27036,-2.39842,0.862951,3.22015,-4.33376,
5.78537,4.27103,-2.39802,0.841821,3.20908,-4.2937,
5.77664,4.27156,-2.3971,0.822665,3.19872,-4.25912,
5.76464,4.27072,-2.39572,0.802741,3.18891,-4.23127,
5.75237,4.2697,-2.39395,0.7846,3.18007,-4.20888,
5.74027,4.26857,-2.39181,0.768492,3.17216,-4.19161,
5.72848,4.26736,-2.38933,0.754374,3.16513,-4.17913,
5.71943,4.26774,-2.38636,0.74448,3.15927,-4.16994,
5.71103,4.26851,-2.38305,0.736647,3.15395,-4.16441,
5.70334,4.26948,-2.37946,0.73079,3.14906,-4.16228,
5.69671,4.27064,-2.37558,0.72711,3.14448,-4.163,
5.6911,4.27197,-2.37144,0.725449,3.14024,-4.16628,
5.68641,4.27345,-2.36708,0.725629,3.13626,-4.17192,
5.68258,4.27499,-2.36255,0.727515,3.13231,-4.17959,
5.67956,4.27663,-2.35782,0.730997,3.12829,-4.18893,
5.67697,4.2782,-2.35305,0.735514,3.12455,-4.19995,
5.67502,4.27984,-2.34817,0.74122,3.12065,-4.21201,
5.67376,4.28153,-2.34328,0.747881,3.11667,-4.22445,
5.67303,4.2832,-2.33838,0.755367,3.11289,-4.23759,
5.67262,4.28483,-2.3335,0.763544,3.10915,-4.25149,
