-1.02128,-2.13678,-0.906826,-3.21122,-1.1401,-3.35602,
-1.02128,-2.13678,-0.906826,-3.21122,-1.1401,-3.35602,
-1.02128,-2.13678,-0.906826,-3.21122,-1.1401,-3.35602,
-1.03826,-2.13844,-0.889602,-3.18365,-1.139,-3.37681,
-1.04995,-2.13985,-0.877182,-3.16067,-1.13837,-3.39307,
-1.05712,-2.14098,-0.868533,-3.14194,-1.13815,-3.4054,
-1.06162,-2.14187,-0.86249,-3.1261,-1.13803,-3.41553,
-1.06477,-2.14264,-0.858033,-3.1118,-1.13777,-3.42468,
-1.06643,-2.14327,-0.855165,-3.09941,-1.13745,-3.43259,
-1.06738,-2.14389,-0.85329,-3.08812,-1.13689,-3.43986,
-1.06761,-2.14439,-0.85225,-3.078,-1.13629,-3.44645,
-1.06807,-2.14465,-0.851717,-3.06922,-1.13602,-3.45284,
-1.06822,-2.14498,-0.851416,-3.06101,-1.13588,-3.45876,
-1.06753,-2.14544,-0.85132,-3.05264,-1.13557,-3.46422,
-1.06683,-2.14571,-0.851516,-3.04499,-1.13514,-3.46941,
-1.06633,-2.14588,-0.851887,-3.03782,-1.13462,-3.47455,
-1.06584,-2.14602,-0.852419,-3.03109,-1.13408,-3.4795,
-1.06621,-2.146,-0.852741,-3.02503,-1.13384,-3.48454,
-1.06648,-2.14622,-0.85315,-3.01911,-1.13368,-3.48939,
-1.06586,-2.14634,-0.853815,-3.01295,-1.13341,-3.494,
-1.06538,-2.14625,-0.854468,-3.00721,-1.13317,-3.49847,
-1.06478,-2.14614,-0.855206,-3.00178,-1.13314,-3.50278,
-1.06444,-2.14619,-0.855891,-2.99647,-1.13294,-3.507,
-1.06504,-2.1456,-0.856188,-2.99176,-1.13281,-3.51133,
-1.06541,-2.14549,-0.856722,-2.98694,-1.13262,-3.51559,
-1.06488,-2.14559,-0.857515,-2.98175,-1.13245,-3.51964,
-1.06439,-2.14553,-0.858315,-2.97681,-1.1323,-3.52361,
-1.06405,-2.14538,-0.859155,-2.97207,-1.13216,-3.52761,
-1.06362,-2.145,-0.860039,-2.96763,-1.13211,-3.53147,
-1.06432,-2.14452,-0.86037,-2.96339,-1.13194,-3.53544,
-1.06493,-2.14471,-0.860823,-2.95868,-1.13158,-3.53945,
-1.0644,-2.14462,-0.86168,-2.95388,-1.13155,-3.54334,
-1.06394,-2.14439,-0.862543,-2.94926,-1.1315,-3.5472,
-1.0636,-2.14399,-0.86337,-2.94502,-1.13141,-3.55089,
-1.06325,-2.14351,-0.864159,-2.94086,-1.13134,-3.55449,
-1.0643,-2.14255,-0.86424,-2.93711,-1.1312,-3.55822,
-1.06505,-2.14204,-0.864431,-2.9331,-1.13105,-3.56185,
-1.06461,-2.14193,-0.865021,-2.9284,-1.13095,-3.56539,
-1.06433,-2.14196,-0.865671,-2.92379,-1.13067,-3.56891,
-1.06426,-2.14186,-0.866314,-2.91937,-1.13033,-3.57245,
-1.06425,-2.14169,-0.866882,-2.91488,-1.13001,-3.57603,
-1.06522,-2.1416,-0.86717,-2.91047,-1.12966,-3.57988,
-1.06604,-2.14153,-0.867443,-2.90605,-1.12934,-3.58362,
-1.0658,-2.14151,-0.868,-2.90148,-1.12918,-3.58705,
-1.06561,-2.14118,-0.868469,-2.8973,-1.12909,-3.5903,
-1.06552,-2.14077,-0.868934,-2.89308,-1.12907,-3.59368,
-1.06551,-2.14047,-0.869441,-2.88884,-1.12879,-3.59703,
-1.06562,-2.14015,-0.869852,-2.88456,-1.12843,-3.60036,
-1.06574,-2.13985,-0.870223,-2.8803,-1.12804,-3.60361,
-1.06702,-2.13974,-0.870364,-2.87637,-1.12763,-3.60709,
-1.0682,-2.13932,-0.870266,-2.87271,-1.12732,-3.61022,
-1.06786,-2.13937,-0.870796,-2.86834,-1.12722,-3.61335,
-1.06762,-2.13923,-0.871247,-2.86418,-1.1271,-3.61638,
-1.06752,-2.13896,-0.871681,-2.86012,-1.12693,-3.61944,
-1.06756,-2.13854,-0.87198,-2.85616,-1.12672,-3.62242,
-1.06754,-2.13821,-0.872216,-2.85218,-1.12624,-3.62517,
-1.06753,-2.13788,-0.872441,-2.8482,-1.12578,-3.62792,
-1.06872,-2.13781,-0.872453,-2.8444,-1.12538,-3.63103,
-1.0696,-2.1377,-0.872428,-2.84053,-1.12498,-3.63395,
-1.06925,-2.13776,-0.872833,-2.83635,-1.12495,-3.63677,
-1.06899,-2.1377,-0.873214,-2.83236,-1.12489,-3.63953,
-1.06899,-2.13748,-0.873497,-2.82848,-1.1247,-3.64229,
-1.0689,-2.13724,-0.873868,-2.82474,-1.12443,-3.64497,
-1.04975,-2.13624,-0.889276,-2.85181,-1.12431,-3.63087,
-1.03492,-2.1355,-0.902086,-2.87417,-1.12383,-3.61897,
-1.02439,-2.13466,-0.912012,-2.89226,-1.12321,-3.60938,
-1.01666,-2.13404,-0.919966,-2.90728,-1.12259,-3.60144,
-1.01144,-2.13358,-0.925999,-2.9194,-1.12195,-3.5951,
-1.0082,-2.1331,-0.930331,-2.92946,-1.12164,-3.58993,
-1.00635,-2.13256,-0.933388,-2.93778,-1.12134,-3.5857,
-1.00549,-2.13209,-0.935484,-2.94461,-1.12119,-3.5823,
-1.00539,-2.13163,-0.936922,-2.95049,-1.12113,-3.5795,
-1.00553,-2.13116,-0.938074,-2.95569,-1.12103,-3.57707,
-1.00587,-2.13049,-0.938838,-2.96064,-1.12115,-3.57473,
-1.00656,-2.12995,-0.9392,-2.96503,-1.12145,-3.57266,
-1.00753,-2.12958,-0.939147,-2.96862,-1.12175,-3.57091,
-1.00851,-2.12932,-0.939063,-2.97189,-1.12208,-3.56935,
-1.00908,-2.12918,-0.939278,-2.97513,-1.1225,-3.56778,
-1.00973,-2.1291,-0.939388,-2.97812,-1.12284,-3.56629,
-1.01061,-2.12899,-0.93923,-2.9808,-1.12316,-3.56496,
-1.01146,-2.1289,-0.939043,-2.98336,-1.12343,-3.56363,
-1.0123,-2.12886,-0.938888,-2.98616,-1.12342,-3.56201,
-1.01316,-2.1289,-0.93863,-2.98858,-1.12331,-3.56052,
-1.01402,-2.12885,-0.938256,-2.99021,-1.1235,-3.55965,
-1.01499,-2.12864,-0.937674,-2.99205,-1.12367,-3.55856,
-1.01576,-2.12841,-0.937176,-2.99395,-1.1238,-3.55735,
-1.01648,-2.1283,-0.936698,-2.99581,-1.12395,-3.55611,
-1.01722,-2.12829,-0.9362,-2.99743,-1.12401,-3.55497,
-1.01788,-2.12831,-0.935743,-2.99906,-1.12409,-3.55381,
-1.0185,-2.12834,-0.935345,-3.00079,-1.12413,-3.55257,
-1.01907,-2.12839,-0.934959,-3.00245,-1.12417,-3.55135,
-1.01955,-2.12836,-0.93453,-3.00398,-1.12434,-3.55021,
-1.01999,-2.12831,-0.934124,-3.00548,-1.12447,-3.54907,
-1.02043,-2.1283,-0.933722,-3.00697,-1.12452,-3.54789,
-1.02085,-2.12833,-0.93333,-3.00841,-1.12455,-3.54672,
-1.02094,-2.12856,-0.933277,-3.01031,-1.12433,-3.54512,
-1.02106,-2.12881,-0.933136,-3.01197,-1.12412,-3.54363,
-1.0214,-2.12888,-0.932703,-3.01303,-1.12426,-3.54266,
-1.02176,-2.12896,-0.932209,-3.01415,-1.12434,-3.5416,
-1.02182,-2.12908,-0.931967,-3.01523,-1.12442,-3.54056,
-1.02184,-2.12919,-0.931775,-3.01639,-1.12449,-3.53948,
-1.02183,-2.12935,-0.931661,-3.01766,-1.1245,-3.53833,
-1.02174,-2.12944,-0.931717,-3.01927,-1.12439,-3.53701,
-1.02167,-2.12952,-0.931746,-3.02073,-1.12434,-3.53581,
-1.02163,-2.1296,-0.931728,-3.02211,-1.12429,-3.53465,
-1.02153,-2.12971,-0.93166,-3.02342,-1.12437,-3.53348,
-1.02146,-2.12984,-0.93156,-3.02471,-1.12442,-3.53232,
-1.0216,-2.12998,-0.931329,-3.026,-1.12438,-3.53112,
-1.02171,-2.1301,-0.931079,-3.02722,-1.12435,-3.52996,
-1.0217,-2.13016,-0.930874,-3.02829,-1.12441,-3.52892,
-1.02169,-2.13022,-0.930677,-3.02936,-1.12444,-3.52787,
-1.02184,-2.13034,-0.930405,-3.03052,-1.12437,-3.52675,
-1.022,-2.13044,-0.930106,-3.03162,-1.12431,-3.52566,
-1.0221,-2.13051,-0.929815,-3.03267,-1.12431,-3.52461,
-1.02219,-2.13058,-0.929529,-3.03372,-1.12429,-3.52354,
-1.02222,-2.13061,-0.929289,-3.03476,-1.12422,-3.52248,
-1.02224,-2.13065,-0.929055,-3.03577,-1.12417,-3.52144,
-1.0222,-2.13066,-0.928891,-3.03685,-1.12419,-3.52041,
-1.02215,-2.1307,-0.928745,-3.03794,-1.12417,-3.51936,
-1.02223,-2.13079,-0.928462,-3.03881,-1.12412,-3.5184,
-1.02232,-2.13092,-0.92817,-3.03973,-1.12413,-3.51742,
-1.02237,-2.13102,-0.927912,-3.04071,-1.12411,-3.51639,
-1.02237,-2.1311,-0.927697,-3.04164,-1.12399,-3.51538,
-1.04145,-2.13246,-0.911515,-3.01348,-1.12281,-3.5344,
-1.05511,-2.1338,-0.899846,-2.99011,-1.12192,-3.54931,
-1.06379,-2.13482,-0.89198,-2.9716,-1.12134,-3.56048,
-1.06944,-2.13571,-0.886397,-2.95596,-1.1208,-3.56945,
-1.07338,-2.13648,-0.882232,-2.94213,-1.12021,-3.57718,
-1.07584,-2.13713,-0.879183,-2.93003,-1.11959,-3.58368,
-1.07759,-2.13764,-0.876846,-2.91921,-1.11886,-3.58946,
-1.07861,-2.13801,-0.87511,-2.90966,-1.11803,-3.59443,
-1.07925,-2.13837,-0.873764,-2.90058,-1.11713,-3.59913,
-1.0795,-2.13865,-0.872835,-2.89241,-1.11618,-3.60335,
-1.07957,-2.1389,-0.872248,-2.88495,-1.11524,-3.60729,
-1.07938,-2.13918,-0.871966,-2.87805,-1.11432,-3.61099,
-1.07914,-2.13933,-0.871759,-2.87129,-1.11344,-3.61467,
-1.07871,-2.13935,-0.871715,-2.86496,-1.11258,-3.61814,
-1.07817,-2.13934,-0.871766,-2.85892,-1.11166,-3.62142,
-1.0775,-2.13932,-0.871917,-2.85322,-1.11079,-3.62451,
-1.07692,-2.1392,-0.871994,-2.84766,-1.11013,-3.62758,
-1.07628,-2.13911,-0.872144,-2.84237,-1.10943,-3.63049,
-1.07571,-2.13905,-0.872291,-2.83725,-1.10874,-3.63331,
-1.07513,-2.13902,-0.872484,-2.83236,-1.10802,-3.63599,
-1.07623,-2.13899,-0.872065,-2.82782,-1.10732,-3.6389,
-1.07702,-2.13908,-0.871767,-2.82329,-1.10654,-3.64163,
-1.07611,-2.13907,-0.872134,-2.81851,-1.10581,-3.64417,
-1.07529,-2.1391,-0.872473,-2.81387,-1.10501,-3.64659,
-1.07468,-2.13906,-0.872725,-2.80927,-1.10423,-3.64907,
-1.07416,-2.139,-0.872968,-2.80487,-1.10345,-3.65147,
-1.07376,-2.13893,-0.873158,-2.8005,-1.10267,-3.65387,
-1.07344,-2.13884,-0.873316,-2.79618,-1.10187,-3.65623,
-1.07315,-2.13878,-0.873498,-2.79201,-1.10114,-3.65856,
-1.07287,-2.13869,-0.873686,-2.7879,-1.10037,-3.66086,
-1.07498,-2.1387,-0.872772,-2.78395,-1.09954,-3.66336,
-1.0766,-2.13883,-0.872076,-2.78,-1.09871,-3.6657,
-1.07573,-2.13881,-0.872457,-2.77571,-1.09792,-3.66789,
-1.07495,-2.13867,-0.872802,-2.77164,-1.0972,-3.67001,
-1.07455,-2.13845,-0.872959,-2.76767,-1.09642,-3.67212,
-1.07424,-2.13823,-0.873111,-2.76378,-1.09565,-3.67422,
-1.07407,-2.13779,-0.873218,-2.75985,-1.09558,-3.67674,
-1.07395,-2.13735,-0.87333,-2.75606,-1.09545,-3.67917,
-1.07395,-2.13697,-0.873403,-2.7524,-1.09523,-3.6815,
-1.07398,-2.13667,-0.873501,-2.74882,-1.09496,-3.68376,
-1.07589,-2.1364,-0.872694,-2.74582,-1.09404,-3.68564,
-1.07757,-2.13673,-0.872019,-2.74207,-1.09302,-3.68767,
-1.07685,-2.13703,-0.872451,-2.73802,-1.09205,-3.6896,
-1.07635,-2.13711,-0.872767,-2.73434,-1.09138,-3.6915,
-1.07613,-2.13679,-0.872873,-2.73043,-1.09126,-3.69386,
-1.07599,-2.13648,-0.872999,-2.72675,-1.09107,-3.6961,
-1.07596,-2.13621,-0.87311,-2.72327,-1.09074,-3.6982,
-1.07583,-2.13608,-0.873261,-2.71976,-1.09023,-3.70018,
-1.07587,-2.13605,-0.873322,-2.71612,-1.08986,-3.70224,
-1.07589,-2.13605,-0.873432,-2.71262,-1.08943,-3.70424,
-1.07768,-2.13581,-0.872742,-2.70967,-1.0884,-3.70599,
-1.07899,-2.13598,-0.872272,-2.70645,-1.0873,-3.70766,
-1.0784,-2.13588,-0.872522,-2.70259,-1.08717,-3.70978,
-1.078,-2.13573,-0.872743,-2.69907,-1.087,-3.71177,
-1.07793,-2.13578,-0.873002,-2.69611,-1.08585,-3.71324,
-1.07777,-2.13579,-0.873276,-2.6929,-1.08481,-3.71486,
-1.07757,-2.13587,-0.873568,-2.68923,-1.0839,-3.71675,
-1.07734,-2.13582,-0.873764,-2.68546,-1.08351,-3.71883,
-1.07722,-2.13583,-0.87404,-2.68215,-1.08309,-3.72074,
-1.07713,-2.13583,-0.874296,-2.67893,-1.08266,-3.72261,
-1.05463,-2.13512,-0.889656,-2.70977,-1.08241,-3.70748,
-1.03783,-2.13418,-0.90198,-2.73498,-1.0823,-3.69501,
-1.0256,-2.13303,-0.911717,-2.7557,-1.0825,-3.68497,
-1.01718,-2.13182,-0.919159,-2.77307,-1.08266,-3.67668,
-1.01127,-2.13104,-0.92508,-2.78711,-1.08237,-3.66998,
-1.00744,-2.13036,-0.929648,-2.79898,-1.08205,-3.66446,
-1.00534,-2.1297,-0.933071,-2.80921,-1.08167,-3.65988,
-1.00412,-2.12918,-0.935683,-2.81797,-1.08137,-3.65594,
-1.00369,-2.12887,-0.937548,-2.82494,-1.08135,-3.65298,
-1.00358,-2.12855,-0.938991,-2.83146,-1.08139,-3.65009,
-1.00396,-2.12803,-0.940003,-2.8375,-1.08165,-3.64759,
-1.00472,-2.12756,-0.940627,-2.84297,-1.08192,-3.6453,
-1.00557,-2.12711,-0.941143,-2.84751,-1.0822,-3.64358,
-1.00647,-2.12684,-0.941505,-2.85173,-1.08248,-3.6419,
-1.00751,-2.12674,-0.941602,-2.85523,-1.08293,-3.64052,
-1.00855,-2.1265,-0.941516,-2.85877,-1.0835,-3.63904,
-1.00947,-2.12627,-0.941477,-2.86243,-1.08402,-3.6374,
-1.01044,-2.12598,-0.941301,-2.86601,-1.08461,-3.63577,
-1.01157,-2.12569,-0.940926,-2.86942,-1.08512,-3.63414,
-1.01258,-2.12558,-0.940563,-2.87249,-1.08547,-3.63253,
-1.01347,-2.12579,-0.940343,-2.87483,-1.08555,-3.63126,
-1.01412,-2.12606,-0.940304,-2.87746,-1.08559,-3.62976,
-1.01447,-2.12608,-0.94028,-2.88035,-1.08597,-3.62811,
-1.01477,-2.1262,-0.940248,-2.88303,-1.08624,-3.62649,
-1.01532,-2.12637,-0.940127,-2.88548,-1.08628,-3.62499,
-1.01578,-2.12653,-0.94002,-2.88785,-1.0863,-3.6235,
-1.01616,-2.1264,-0.939854,-2.89042,-1.08646,-3.62192,
-1.01654,-2.1263,-0.939615,-2.89273,-1.08653,-3.62039,
-1.0161,-2.12596,-0.939623,-2.89448,-1.0866,-3.61903,
-1.01565,-2.12564,-0.939763,-2.89652,-1.0866,-3.61755,
-1.01607,-2.12602,-0.939731,-2.89867,-1.08645,-3.61608,
-1.01644,-2.12634,-0.939666,-2.90083,-1.08638,-3.61462,
-1.01695,-2.12664,-0.939494,-2.90286,-1.08634,-3.61323,
-1.01736,-2.12686,-0.939318,-2.9049,-1.08632,-3.61182,
-1.01688,-2.12727,-0.939666,-2.90722,-1.08638,-3.61005,
-1.01649,-2.12775,-0.939909,-2.90941,-1.08646,-3.60831,
-1.01669,-2.128,-0.939767,-2.91129,-1.08676,-3.60699,
-1.01685,-2.12807,-0.939546,-2.91312,-1.08705,-3.60567,
-1.01737,-2.12818,-0.939123,-2.9147,-1.08699,-3.60443,
-1.01782,-2.12838,-0.938757,-2.9163,-1.08693,-3.60314,
-1.01812,-2.12846,-0.938446,-2.91806,-1.08687,-3.60173,
-1.0184,-2.12861,-0.938156,-2.91981,-1.0868,-3.60031,
-1.01862,-2.12866,-0.937861,-2.9215,-1.08682,-3.59895,
-1.0188,-2.12874,-0.937613,-2.92323,-1.08673,-3.59753,
-1.01834,-2.12885,-0.937695,-2.92494,-1.08662,-3.59596,
-1.01794,-2.12908,-0.937766,-2.92664,-1.08657,-3.59442,
-1.01771,-2.12929,-0.937819,-2.92854,-1.08671,-3.59291,
-1.01764,-2.1295,-0.93774,-2.93031,-1.08681,-3.59147,
-1.01792,-2.12938,-0.937442,-2.93194,-1.08666,-3.59018,
-1.0182,-2.12927,-0.937113,-2.93357,-1.08658,-3.58889,
-1.0182,-2.12931,-0.936969,-2.93547,-1.08681,-3.58745,
-1.01831,-2.12931,-0.936718,-2.93724,-1.087,-3.58607,
-1.01855,-2.12908,-0.936315,-2.93849,-1.08686,-3.58497,
-1.01868,-2.12887,-0.936005,-2.93993,-1.08674,-3.58375,
-1.01876,-2.12898,-0.93577,-2.94137,-1.0868,-3.58251,
-1.01872,-2.12918,-0.935663,-2.9429,-1.08678,-3.58117,
-1.01905,-2.12919,-0.935236,-2.94415,-1.08679,-3.58008,
-1.01932,-2.12918,-0.934849,-2.94548,-1.08682,-3.57893,
-1.01958,-2.12927,-0.934533,-2.94693,-1.08682,-3.57772,
-1.01975,-2.12934,-0.934264,-2.9484,-1.08685,-3.57648,
-1.03989,-2.1306,-0.917816,-2.91906,-1.08623,-3.59472,
-1.0549,-2.13157,-0.905653,-2.89436,-1.08597,-3.60952,
-1.06468,-2.13238,-0.89723,-2.87495,-1.08576,-3.62033,
-1.07149,-2.13311,-0.891022,-2.85858,-1.08542,-3.62898,
-1.07625,-2.13418,-0.886539,-2.84432,-1.08476,-3.63616,
-1.07939,-2.1351,-0.883238,-2.83209,-1.08402,-3.64205,
-1.08175,-2.13576,-0.880555,-2.82099,-1.0832,-3.64731,
-1.08325,-2.13639,-0.878597,-2.81121,-1.08227,-3.65182,
-1.08415,-2.13697,-0.8772,-2.80237,-1.08111,-3.65581,
-1.08455,-2.13748,-0.876261,-2.79437,-1.07977,-3.65934,
-1.08473,-2.13791,-0.875519,-2.78684,-1.07841,-3.66264,
-1.08455,-2.1383,-0.875023,-2.77996,-1.07707,-3.66557,
-1.08419,-2.13867,-0.874664,-2.77351,-1.07572,-3.66825,
-1.08359,-2.13899,-0.874477,-2.76758,-1.07451,-3.67069,
-1.08302,-2.13935,-0.874323,-2.76189,-1.07325,-3.673,
-1.08238,-2.13945,-0.874147,-2.75643,-1.07218,-3.67527,
-1.08335,-2.13985,-0.873665,-2.75196,-1.07073,-3.67732,
-1.08396,-2.14033,-0.873256,-2.74744,-1.06938,-3.67926,
-1.08305,-2.14049,-0.873326,-2.74228,-1.0686,-3.68149,
-1.08207,-2.14062,-0.873467,-2.73744,-1.06785,-3.68357,
-1.08123,-2.14068,-0.873556,-2.73287,-1.06713,-3.68556,
-1.08047,-2.14068,-0.873681,-2.72851,-1.06643,-3.68753,
-1.07987,-2.14069,-0.873814,-2.72431,-1.0656,-3.68945,
-1.07939,-2.14052,-0.873855,-2.72016,-1.06495,-3.69144,
-1.08116,-2.14058,-0.873019,-2.71676,-1.06385,-3.69317,
-1.08223,-2.14109,-0.87257,-2.71305,-1.06284,-3.6949,
-1.08128,-2.14093,-0.8728,-2.70872,-1.06202,-3.69683,
-1.08044,-2.14072,-0.872987,-2.70465,-1.06115,-3.69863,
-1.07974,-2.14051,-0.873142,-2.70064,-1.06051,-3.70052,
-1.0792,-2.14034,-0.873302,-2.6967,-1.05989,-3.70245,
-1.07909,-2.14005,-0.873287,-2.69294,-1.05907,-3.70432,
-1.07887,-2.13964,-0.873345,-2.68944,-1.05838,-3.70614,
-1.0807,-2.13948,-0.872528,-2.68626,-1.05743,-3.70786,
-1.08194,-2.1396,-0.871957,-2.68282,-1.05655,-3.70956,
-1.08111,-2.13959,-0.872268,-2.67901,-1.05583,-3.71127,
-1.08048,-2.13944,-0.872469,-2.67527,-1.05546,-3.71314,
-1.08033,-2.13897,-0.872359,-2.67154,-1.05553,-3.71524,
-1.08017,-2.13862,-0.872348,-2.66803,-1.05549,-3.71722,
-1.07994,-2.13835,-0.872471,-2.66471,-1.05463,-3.71884,
-1.07959,-2.13813,-0.872713,-2.66139,-1.05367,-3.72045,
-1.0814,-2.13809,-0.872057,-2.65835,-1.05249,-3.72205,
-1.08265,-2.13837,-0.87162,-2.65504,-1.0514,-3.72362,
-1.08155,-2.13841,-0.872108,-2.65116,-1.0507,-3.72535,
-1.08079,-2.13821,-0.872419,-2.6477,-1.05026,-3.72705,
-1.08071,-2.13797,-0.872444,-2.64447,-1.0504,-3.72895,
-1.08053,-2.13773,-0.872585,-2.64147,-1.04976,-3.73048,
-1.08029,-2.13748,-0.87279,-2.63841,-1.04875,-3.73193,
-1.08032,-2.13719,-0.872846,-2.63516,-1.04785,-3.73355,
-1.08171,-2.1368,-0.872411,-2.63311,-1.0478,-3.7351,
-1.0827,-2.1366,-0.872,-2.63051,-1.04785,-3.73673,
-1.08241,-2.1366,-0.872032,-2.62712,-1.04773,-3.73839,
-1.08201,-2.13651,-0.872174,-2.62418,-1.04753,-3.73986,
-1.08166,-2.1364,-0.872398,-2.62139,-1.04721,-3.74131,
-1.0814,-2.13629,-0.872626,-2.61864,-1.04685,-3.74278,
-1.08104,-2.13618,-0.872951,-2.61608,-1.04655,-3.74421,
-1.08074,-2.13607,-0.873255,-2.61349,-1.04616,-3.74563,
-1.08061,-2.13598,-0.873418,-2.61066,-1.04561,-3.74706,
-1.08047,-2.1359,-0.873595,-2.60791,-1.04508,-3.74845,
-1.08199,-2.13573,-0.873088,-2.60571,-1.0446,-3.7498,
-1.0832,-2.13588,-0.872582,-2.60265,-1.04355,-3.7511,
-1.0587,-2.1348,-0.887394,-2.63489,-1.0437,-3.73571,
-1.04015,-2.13374,-0.899452,-2.66149,-1.04396,-3.72282,
-1.02666,-2.13252,-0.909158,-2.68346,-1.04431,-3.71247,
-1.01695,-2.13122,-0.916805,-2.70178,-1.04473,-3.70403,
-1.01052,-2.12993,-0.922597,-2.71728,-1.04496,-3.69705,
-1.00631,-2.12877,-0.92696,-2.73032,-1.04528,-3.69131,
-1.00374,-2.12787,-0.93019,-2.73985,-1.04586,-3.68753,
-1.00206,-2.12713,-0.932858,-2.74812,-1.04644,-3.68443,
-1.0019,-2.12617,-0.9346,-2.75638,-1.04697,-3.6814,
-1.00244,-2.12537,-0.935723,-2.7634,-1.04755,-3.67891,
-1.00317,-2.12489,-0.936507,-2.76789,-1.04785,-3.67758,
-1.00398,-2.12447,-0.937264,-2.77228,-1.04815,-3.67632,
-1.00444,-2.1239,-0.938349,-2.77786,-1.04874,-3.67455,
-1.00518,-2.12357,-0.939145,-2.78287,-1.04932,-3.67293,
-1.0061,-2.12314,-0.93941,-2.78679,-1.05068,-3.67194,
-1.00701,-2.12303,-0.939703,-2.7905,-1.05171,-3.67086,
-1.00807,-2.12253,-0.93991,-2.79452,-1.05301,-3.66984,
-1.00909,-2.12222,-0.940091,-2.79838,-1.05418,-3.66874,
-1.00955,-2.12243,-0.940356,-2.8015,-1.05521,-3.66757,
-1.00969,-2.12263,-0.94074,-2.80472,-1.05637,-3.66631,
-1.0094,-2.12312,-0.941432,-2.80818,-1.05715,-3.66465,
-1.00912,-2.1236,-0.942134,-2.8114,-1.05768,-3.66304,
-1.00942,-2.1237,-0.942433,-2.81488,-1.05854,-3.66153,
-1.00984,-2.12379,-0.942645,-2.81821,-1.05936,-3.6601,
-1.00827,-2.12348,-0.943411,-2.82024,-1.0596,-3.65868,
-1.00702,-2.123,-0.944175,-2.82267,-1.05997,-3.65732,
-1.00843,-2.12323,-0.94412,-2.82611,-1.06059,-3.65606,
-1.00976,-2.12329,-0.943842,-2.82926,-1.06117,-3.65477,
-1.01072,-2.12344,-0.943667,-2.83196,-1.06173,-3.65358,
-1.01149,-2.12364,-0.943593,-2.83467,-1.06232,-3.65235,
-1.01125,-2.12419,-0.943874,-2.83734,-1.06271,-3.65061,
-1.01102,-2.12467,-0.944136,-2.84001,-1.06314,-3.6489,
-1.01166,-2.12503,-0.944298,-2.84223,-1.06351,-3.64799,
-1.0124,-2.12527,-0.944272,-2.84426,-1.06388,-3.64714,
-1.01118,-2.1251,-0.944726,-2.84618,-1.06397,-3.64557,
-1.01026,-2.12495,-0.945187,-2.84845,-1.06432,-3.64406,
-1.01128,-2.12489,-0.944839,-2.85118,-1.06489,-3.64279,
-1.01217,-2.12487,-0.944471,-2.85378,-1.06537,-3.64145,
-1.0131,-2.12521,-0.944231,-2.85589,-1.06562,-3.64038,
-1.01395,-2.12554,-0.943951,-2.85782,-1.06572,-3.63926,
-1.01455,-2.12557,-0.943464,-2.8601,-1.06633,-3.63785,
-1.01492,-2.12556,-0.943133,-2.86243,-1.06694,-3.63643,
-1.01434,-2.12584,-0.943302,-2.86464,-1.06741,-3.63476,
-1.01381,-2.12604,-0.943478,-2.86685,-1.06795,-3.63317,
-1.01373,-2.12617,-0.943541,-2.86902,-1.06836,-3.63179,
-1.01369,-2.1264,-0.943561,-2.87114,-1.06873,-3.63038,
-1.01352,-2.12677,-0.943668,-2.8731,-1.06901,-3.62897,
-1.01334,-2.12693,-0.943688,-2.87507,-1.06932,-3.62757,
-1.01368,-2.12696,-0.943407,-2.87725,-1.0696,-3.62611,
-1.01404,-2.12704,-0.943092,-2.87937,-1.06981,-3.62462,
-1.01465,-2.12706,-0.942545,-2.88044,-1.0698,-3.62374,
-1.01497,-2.12689,-0.942128,-2.88184,-1.06993,-3.62269,
-1.0155,-2.1266,-0.941581,-2.88375,-1.07021,-3.62141,
-1.01596,-2.12646,-0.941218,-2.88571,-1.07043,-3.62014,
-1.01631,-2.12653,-0.94092,-2.88771,-1.0707,-3.61877,
-1.01661,-2.12664,-0.940651,-2.88968,-1.07097,-3.61739,
-1.01646,-2.12679,-0.940645,-2.89172,-1.07114,-3.61586,
-1.01635,-2.127,-0.940576,-2.89364,-1.07136,-3.61437,
-1.01617,-2.12729,-0.940491,-2.89526,-1.07173,-3.61306,
-1.01607,-2.1274,-0.940322,-2.89693,-1.07216,-3.61177,
-1.03668,-2.12846,-0.923911,-2.86751,-1.0717,-3.6293,
-1.05232,-2.12958,-0.911505,-2.84258,-1.07156,-3.64342,
-1.06297,-2.13065,-0.902785,-2.82249,-1.07135,-3.6541,
-1.07037,-2.13177,-0.896514,-2.8059,-1.07066,-3.66233,
-1.07575,-2.13283,-0.891652,-2.7915,-1.0698,-3.66905,
-1.07946,-2.13381,-0.888018,-2.7792,-1.06877,-3.67448,
-1.08226,-2.13456,-0.885054,-2.76798,-1.06767,-3.67931,
-1.08397,-2.13513,-0.882857,-2.75833,-1.06662,-3.68332,
-1.08495,-2.13559,-0.881229,-2.74979,-1.06552,-3.68676,
-1.08532,-2.13601,-0.880041,-2.74211,-1.0644,-3.68975,
-1.08548,-2.13646,-0.879048,-2.73494,-1.0632,-3.69244,
-1.08534,-2.13688,-0.878279,-2.72843,-1.06203,-3.69479,
-1.08493,-2.13724,-0.877721,-2.7222,-1.06095,-3.69706,
-1.08449,-2.13765,-0.877259,-2.7164,-1.05986,-3.69914,
-1.08533,-2.1382,-0.876463,-2.71112,-1.05862,-3.70119,
-1.08576,-2.13881,-0.87587,-2.70606,-1.05754,-3.70311,
-1.08502,-2.13946,-0.875787,-2.70093,-1.05686,-3.70502,
-1.08446,-2.13926,-0.87542,-2.69676,-1.0567,-3.70673,
-1.08377,-2.13909,-0.875227,-2.69278,-1.05635,-3.70834,
-1.08303,-2.13883,-0.875116,-2.68893,-1.05592,-3.70993,
-1.08243,-2.1385,-0.874984,-2.68512,-1.05542,-3.71155,
-1.08179,-2.13855,-0.875015,-2.68095,-1.05427,-3.71311,
-1.08339,-2.1385,-0.87403,-2.6768,-1.05283,-3.71483,
-1.0843,-2.13833,-0.8733,-2.67341,-1.05223,-3.71634,
-1.08367,-2.13834,-0.873184,-2.6696,-1.05193,-3.71788,
-1.08302,-2.13828,-0.873135,-2.66591,-1.05152,-3.71939,
-1.08232,-2.13811,-0.873195,-2.66237,-1.05095,-3.72088,
-1.08178,-2.13792,-0.873215,-2.65889,-1.05035,-3.72237,
-1.0814,-2.13773,-0.873251,-2.65551,-1.04974,-3.7239,
-1.08105,-2.13761,-0.873349,-2.65213,-1.0491,-3.72547,
-1.08289,-2.1375,-0.872402,-2.64806,-1.04763,-3.72726,
-1.08418,-2.13769,-0.871732,-2.6443,-1.04639,-3.72881,
-1.08368,-2.13763,-0.87167,-2.64068,-1.04613,-3.73037,
-1.08315,-2.13746,-0.871703,-2.63745,-1.04584,-3.73182,
-1.08273,-2.13718,-0.871754,-2.63418,-1.04544,-3.73338,
-1.08233,-2.13693,-0.871889,-2.63102,-1.04495,-3.73491,
-1.08207,-2.13674,-0.872026,-2.62791,-1.04434,-3.73643,
-1.08176,-2.13659,-0.872224,-2.62484,-1.04372,-3.73794,
-1.08328,-2.13625,-0.871547,-2.62227,-1.04293,-3.73929,
-1.08411,-2.13605,-0.87108,-2.61963,-1.04257,-3.74062,
-1.08379,-2.13605,-0.870991,-2.61614,-1.04204,-3.74202,
-1.08339,-2.13606,-0.871032,-2.61287,-1.04148,-3.74337,
-1.08289,-2.13598,-0.871307,-2.61011,-1.04095,-3.74468,
-1.08247,-2.13592,-0.871587,-2.60736,-1.04039,-3.74601,
-1.08214,-2.1359,-0.871744,-2.60432,-1.03969,-3.74734,
-1.08198,-2.1359,-0.87185,-2.60111,-1.0387,-3.74869,
-1.0833,-2.13564,-0.87132,-2.59889,-1.03822,-3.74994,
-1.08401,-2.13556,-0.871012,-2.59637,-1.0378,-3.7512,
-1.08288,-2.13574,-0.871473,-2.59427,-1.03649,-3.7516,
-1.08199,-2.13547,-0.871712,-2.5924,-1.03596,-3.75225,
-1.08196,-2.13555,-0.871844,-2.58923,-1.03589,-3.75397,
-1.08178,-2.13568,-0.872121,-2.58621,-1.03555,-3.75555,
-1.0815,-2.13579,-0.87239,-2.58325,-1.03488,-3.75692,
-1.08118,-2.13589,-0.872693,-2.58041,-1.0342,-3.75824,
-1.08264,-2.13563,-0.872208,-2.57836,-1.03371,-3.75948,
-1.08345,-2.13552,-0.871988,-2.57595,-1.03323,-3.76079,
-1.08257,-2.13536,-0.872241,-2.57408,-1.03232,-3.76127,
-1.08171,-2.13545,-0.872557,-2.57197,-1.03157,-3.76191,
-1.08222,-2.1357,-0.872504,-2.56845,-1.03111,-3.76366,
-1.08212,-2.13562,-0.872739,-2.56567,-1.03082,-3.76519,
-1.05699,-2.13421,-0.887517,-2.5994,-1.03115,-3.74969,
-1.03781,-2.13331,-0.899945,-2.6273,-1.03131,-3.73665,
-1.02423,-2.13203,-0.909491,-2.65004,-1.03166,-3.72617,
-1.01445,-2.1307,-0.916876,-2.66891,-1.03206,-3.71751,
-1.00805,-2.12951,-0.922362,-2.68408,-1.03262,-3.71082,
-1.00403,-2.12835,-0.926538,-2.69708,-1.03309,-3.70535,
-1.00232,-2.12727,-0.929568,-2.70725,-1.03357,-3.70172,
-1.00186,-2.1263,-0.931739,-2.71598,-1.034,-3.69877,
-1.00398,-2.12574,-0.932823,-2.72478,-1.0343,-3.69604,
-1.00574,-2.12529,-0.933808,-2.73259,-1.03465,-3.69357,
-1.00531,-2.12481,-0.935047,-2.73796,-1.03588,-3.69184,
-1.0051,-2.12453,-0.935958,-2.74283,-1.03701,-3.69011,
-1.00616,-2.12415,-0.936073,-2.7466,-1.03819,-3.68913,
-1.0068,-2.12383,-0.936538,-2.7508,-1.03934,-3.68792,
-1.00706,-2.12354,-0.93724,-2.75544,-1.04048,-3.68641,
-1.00739,-2.12333,-0.937932,-2.7601,-1.04126,-3.68474,
-1.0079,-2.12314,-0.93847,-2.76466,-1.04203,-3.68306,
-1.00877,-2.12313,-0.938817,-2.76865,-1.04266,-3.68166,
-1.00961,-2.12304,-0.938861,-2.772,-1.04355,-3.68048,
-1.01007,-2.12286,-0.939133,-2.77549,-1.04425,-3.67915,
-1.00835,-2.12328,-0.940478,-2.77918,-1.04525,-3.67723,
-1.00683,-2.12365,-0.941761,-2.78277,-1.04614,-3.6754,
-1.00787,-2.12376,-0.941956,-2.78656,-1.04659,-3.67394,
-1.00902,-2.1239,-0.941949,-2.78989,-1.04703,-3.67263,
-1.01018,-2.12389,-0.941698,-2.79233,-1.04738,-3.67168,
-1.01113,-2.12403,-0.941679,-2.79512,-1.04771,-3.67054,
-1.01054,-2.12415,-0.942364,-2.79842,-1.04785,-3.66869,
-1.01016,-2.12428,-0.942917,-2.80171,-1.0481,-3.66688,
-1.01078,-2.12429,-0.942972,-2.80555,-1.04861,-3.66501,
-1.01151,-2.12438,-0.942831,-2.80898,-1.04905,-3.66323,
-1.00982,-2.12441,-0.943755,-2.81138,-1.04936,-3.66156,
-1.00845,-2.12454,-0.944696,-2.81396,-1.04953,-3.65989,
-1.00981,-2.12442,-0.944553,-2.81763,-1.04999,-3.65844,
-1.01123,-2.12443,-0.944038,-2.82062,-1.05044,-3.65705,
-1.01006,-2.12453,-0.944594,-2.8226,-1.05046,-3.65547,
-1.0091,-2.12488,-0.945208,-2.82504,-1.05052,-3.6537,
-1.01076,-2.12514,-0.944667,-2.8278,-1.05055,-3.65232,
-1.01221,-2.12511,-0.944003,-2.83045,-1.05097,-3.65103,
-1.0104,-2.12482,-0.944717,-2.83304,-1.05159,-3.64915,
-1.00912,-2.12486,-0.945312,-2.83549,-1.05199,-3.64736,
-1.01085,-2.12507,-0.944366,-2.83767,-1.05225,-3.64614,
-1.01235,-2.12509,-0.943481,-2.83987,-1.05238,-3.64483,
-1.01196,-2.12549,-0.943616,-2.84206,-1.05268,-3.64316,
-1.01158,-2.12579,-0.943732,-2.84429,-1.05289,-3.64148,
-1.01276,-2.12582,-0.942864,-2.84597,-1.05364,-3.64056,
-1.01375,-2.12589,-0.942095,-2.84782,-1.05422,-3.63941,
-1.01282,-2.12577,-0.942472,-2.85016,-1.05468,-3.63779,
-1.01225,-2.12569,-0.942715,-2.85238,-1.05497,-3.63628,
-1.01318,-2.12586,-0.942137,-2.85427,-1.05522,-3.63507,
-1.01395,-2.12606,-0.941624,-2.8562,-1.0555,-3.6338,
-1.01407,-2.12602,-0.941478,-2.85893,-1.05626,-3.63218,
-1.01424,-2.12612,-0.941156,-2.86118,-1.05713,-3.63074,
-1.01387,-2.12666,-0.941268,-2.86282,-1.05762,-3.62945,
-1.01358,-2.12672,-0.941276,-2.86482,-1.05804,-3.62803,
-1.01362,-2.12685,-0.941096,-2.86695,-1.05836,-3.62648,
-1.01355,-2.1271,-0.941003,-2.86902,-1.0586,-3.62491,
-1.01408,-2.12726,-0.940605,-2.87094,-1.05885,-3.62358,
-1.01451,-2.12741,-0.940252,-2.87286,-1.05913,-3.62225,
-1.01487,-2.12758,-0.939933,-2.87476,-1.05942,-3.62091,
-1.01523,-2.12776,-0.939621,-2.87664,-1.05981,-3.61962,
-1.03641,-2.12863,-0.923008,-2.84667,-1.05976,-3.63747,
-1.05235,-2.1295,-0.910474,-2.82149,-1.05992,-3.65163,
-1.06377,-2.12991,-0.901206,-2.80104,-1.06018,-3.66261,
-1.07144,-2.13065,-0.894691,-2.78381,-1.06002,-3.67126,
-1.077,-2.13111,-0.889413,-2.76906,-1.06002,-3.67823,
-1.08073,-2.13159,-0.88544,-2.75651,-1.05995,-3.68386,
-1.08351,-2.13234,-0.882488,-2.74534,-1.05904,-3.68857,
-1.08519,-2.13299,-0.880384,-2.73573,-1.0579,-3.69245,
-1.08627,-2.13358,-0.87877,-2.72719,-1.0568,-3.6958,
-1.0867,-2.13408,-0.877616,-2.71948,-1.05558,-3.69873,
-1.08753,-2.13463,-0.876479,-2.71231,-1.0545,-3.70157,
-1.0881,-2.13518,-0.875479,-2.70598,-1.05392,-3.7041,
-1.08807,-2.13561,-0.874677,-2.7005,-1.05378,-3.70619,
-1.08767,-2.13588,-0.874118,-2.69544,-1.05351,-3.70808,
-1.08727,-2.13588,-0.873523,-2.69021,-1.05312,-3.71007,
-1.08655,-2.13602,-0.873251,-2.68507,-1.05232,-3.71193,
-1.08717,-2.13593,-0.872541,-2.68064,-1.05181,-3.7139,
-1.08755,-2.13589,-0.871866,-2.67627,-1.05132,-3.71571,
-1.08675,-2.136,-0.871727,-2.67166,-1.05075,-3.71743,
-1.086,-2.13602,-0.871628,-2.66741,-1.05007,-3.71902,
-1.08531,-2.13593,-0.87155,-2.66341,-1.04936,-3.72054,
-1.08463,-2.13582,-0.871538,-2.6596,-1.04864,-3.72203,
-1.08543,-2.13564,-0.870959,-2.65595,-1.04794,-3.72371,
-1.08599,-2.13554,-0.870368,-2.65223,-1.04747,-3.72533,
-1.08521,-2.13553,-0.870375,-2.64826,-1.04684,-3.72684,
-1.08458,-2.13545,-0.870359,-2.64451,-1.04614,-3.7283,
-1.08416,-2.13527,-0.870298,-2.64092,-1.04542,-3.72976,
-1.08371,-2.13516,-0.870338,-2.63744,-1.04473,-3.73122,
-1.08451,-2.13503,-0.869926,-2.63399,-1.04381,-3.73281,
-1.085,-2.13535,-0.869698,-2.62979,-1.04256,-3.73452,
-1.08429,-2.13539,-0.86984,-2.62609,-1.04175,-3.73595,
-1.08408,-2.13526,-0.869758,-2.62273,-1.0412,-3.7374,
-1.08364,-2.1352,-0.869966,-2.61976,-1.04078,-3.73882,
-1.08317,-2.13519,-0.870238,-2.61684,-1.04032,-3.74024,
-1.08405,-2.13495,-0.869808,-2.61414,-1.03975,-3.74159,
-1.08471,-2.1349,-0.869419,-2.61121,-1.03911,-3.74289,
-1.08443,-2.13487,-0.869415,-2.60803,-1.0387,-3.74427,
-1.08398,-2.13494,-0.869581,-2.60504,-1.03829,-3.74561,
-1.08368,-2.135,-0.869679,-2.60179,-1.03761,-3.74698,
-1.08332,-2.13507,-0.869887,-2.59872,-1.03692,-3.74832,
-1.08286,-2.13537,-0.870336,-2.59722,-1.03519,-3.74855,
-1.08285,-2.13533,-0.870376,-2.59546,-1.0344,-3.74922,
-1.08306,-2.13536,-0.870175,-2.59172,-1.03426,-3.75103,
-1.08303,-2.13553,-0.870219,-2.5883,-1.03385,-3.75262,
-1.08272,-2.13558,-0.870582,-2.58557,-1.03344,-3.75407,
-1.08272,-2.13564,-0.870809,-2.58253,-1.03274,-3.75559,
-1.08284,-2.13561,-0.870943,-2.57947,-1.03207,-3.75713,
-1.08296,-2.13555,-0.871097,-2.57646,-1.03148,-3.7587,
-1.0834,-2.1356,-0.871082,-2.57526,-1.03068,-3.75921,
-1.08371,-2.13549,-0.87101,-2.57361,-1.03022,-3.76002,
-1.08384,-2.13567,-0.870972,-2.57021,-1.03008,-3.76168,
-1.08372,-2.13564,-0.871064,-2.56726,-1.02997,-3.76319,
-1.08333,-2.13549,-0.871346,-2.56472,-1.02977,-3.76455,
-1.08288,-2.13541,-0.871723,-2.56231,-1.02939,-3.76582,
-1.08248,-2.13528,-0.8721,-2.55997,-1.02899,-3.76708,
-1.08209,-2.13513,-0.872501,-2.55772,-1.02854,-3.76831,
-1.08079,-2.13542,-0.87329,-2.5563,-1.02688,-3.76843,
-1.07974,-2.13536,-0.873921,-2.55475,-1.02584,-3.76893,
-1.0827,-2.13471,-0.872785,-2.55224,-1.0257,-3.77077,
-1.08468,-2.13422,-0.872022,-2.54955,-1.02541,-3.77245,
-1.05905,-2.13263,-0.886551,-2.58338,-1.02565,-3.75688,
-1.03935,-2.13182,-0.898797,-2.61148,-1.02588,-3.74364,
-1.02573,-2.13071,-0.908178,-2.63385,-1.02591,-3.73327,
-1.01602,-2.12966,-0.915477,-2.65215,-1.02597,-3.72488,
-1.01157,-2.12829,-0.920416,-2.66942,-1.02659,-3.71784,
-1.00874,-2.12723,-0.924241,-2.6833,-1.02746,-3.71245,
-1.00568,-2.12628,-0.927504,-2.69261,-1.02843,-3.70901,
-1.00406,-2.12554,-0.929949,-2.70058,-1.02922,-3.70622,
-1.00491,-2.12463,-0.931161,-2.70921,-1.03054,-3.70354,
-1.00568,-2.12415,-0.932301,-2.71673,-1.0316,-3.70113,
-1.00495,-2.12374,-0.933674,-2.72269,-1.03297,-3.69906,
-1.00447,-2.12363,-0.934662,-2.72782,-1.03412,-3.69705,
-1.00501,-2.12339,-0.935035,-2.73201,-1.03544,-3.69576,
-1.00535,-2.12307,-0.935574,-2.73633,-1.03695,-3.69453,
-1.00528,-2.12288,-0.936479,-2.74119,-1.0383,-3.69294,
-1.00526,-2.12268,-0.937349,-2.74613,-1.03958,-3.69126,
-1.00564,-2.12264,-0.937999,-2.75075,-1.04035,-3.68955,
-1.0063,-2.12261,-0.938526,-2.75505,-1.04126,-3.68813,
-1.00598,-2.12256,-0.939247,-2.75871,-1.04226,-3.68673,
-1.00587,-2.12263,-0.939926,-2.76247,-1.04325,-3.6853,
-1.00655,-2.12238,-0.940112,-2.76673,-1.044,-3.68359,
-1.00696,-2.12235,-0.940359,-2.77059,-1.04468,-3.6819,
-1.00771,-2.12266,-0.9404,-2.77336,-1.0457,-3.68091,
-1.00815,-2.12297,-0.940688,-2.77651,-1.04663,-3.67969,
-1.00817,-2.12344,-0.941404,-2.78024,-1.04717,-3.67804,
-1.00835,-2.12398,-0.941917,-2.78357,-1.04756,-3.67646,
-1.0072,-2.12451,-0.942987,-2.78682,-1.04822,-3.67472,
-1.00636,-2.12483,-0.943929,-2.79027,-1.04891,-3.673,
-1.00705,-2.1248,-0.943956,-2.7939,-1.04942,-3.67132,
-1.00784,-2.12495,-0.943823,-2.79704,-1.04985,-3.66976,
-1.00955,-2.12501,-0.943283,-2.79983,-1.04995,-3.66852,
-1.01092,-2.12488,-0.942791,-2.80268,-1.05013,-3.66718,
-1.01081,-2.12463,-0.942708,-2.80529,-1.05094,-3.66572,
-1.0109,-2.12447,-0.942618,-2.80745,-1.05148,-3.66454,
-1.01228,-2.1242,-0.942028,-2.81061,-1.05189,-3.66305,
-1.01337,-2.12442,-0.941832,-2.81393,-1.05212,-3.66137,
-1.00991,-2.12457,-0.943528,-2.81634,-1.05259,-3.65931,
-1.00738,-2.12459,-0.9449,-2.81875,-1.05279,-3.65746,
-1.00858,-2.12482,-0.944197,-2.82054,-1.05353,-3.65656,
-1.0096,-2.125,-0.943656,-2.8227,-1.05419,-3.65545,
-1.01017,-2.12539,-0.943582,-2.82536,-1.05465,-3.654,
-1.01077,-2.12566,-0.943286,-2.82793,-1.05519,-3.65249,
-1.01145,-2.12575,-0.942944,-2.82996,-1.05552,-3.65133,
-1.0119,-2.12563,-0.942646,-2.83221,-1.05579,-3.64999,
-1.01227,-2.12552,-0.942307,-2.83464,-1.05654,-3.6486,
-1.01263,-2.12549,-0.941869,-2.83667,-1.05727,-3.64733,
-1.01346,-2.12552,-0.941253,-2.83853,-1.05755,-3.64612,
-1.01408,-2.12566,-0.940845,-2.84058,-1.05774,-3.64477,
-1.01307,-2.12563,-0.941317,-2.84301,-1.05821,-3.64312,
-1.01231,-2.12556,-0.941698,-2.84547,-1.0586,-3.6415,
-1.01236,-2.1256,-0.9416,-2.84808,-1.05908,-3.63983,
-1.01239,-2.12587,-0.941515,-2.85054,-1.05952,-3.63816,
-1.01337,-2.1261,-0.941129,-2.85278,-1.05959,-3.63684,
-1.01422,-2.12622,-0.940661,-2.85499,-1.0597,-3.63545,
-1.01294,-2.12616,-0.94112,-2.85731,-1.06063,-3.63384,
-1.012,-2.12624,-0.941451,-2.85914,-1.06118,-3.63246,
